ds,method,split_number,roc,max_time,scoring_str
10_loan_repay,LogReg,0,0.637673040230585,0,roc
10_loan_repay,LogReg,1,0.6894409937888198,0,roc
10_loan_repay,LogReg,2,0.6647992530345471,0,roc
10_loan_repay,LogReg,3,0.6796817277635693,0,roc
10_loan_repay,LogReg,4,0.6786993058092802,0,roc
10_loan_repay,LogReg,5,0.6845641920268786,0,roc
10_loan_repay,LogReg,6,0.6386169800348904,0,roc
10_loan_repay,LogReg,7,0.6756558118498416,0,roc
10_loan_repay,LogReg,8,0.6870467921828765,0,roc
10_loan_repay,LogReg,9,0.6704061392384483,0,roc
10_loan_repay,KNN,0,0.5576949620427882,0,roc
10_loan_repay,KNN,1,0.622173507083993,0,roc
10_loan_repay,KNN,2,0.5620509073194495,0,roc
10_loan_repay,KNN,3,0.5799415418341249,0,roc
10_loan_repay,KNN,4,0.5981772419112572,0,roc
10_loan_repay,KNN,5,0.6213130774697939,0,roc
10_loan_repay,KNN,6,0.587690605414486,0,roc
10_loan_repay,KNN,7,0.6161602700781805,0,roc
10_loan_repay,KNN,8,0.5937063050759275,0,roc
10_loan_repay,KNN,9,0.5622500243878646,0,roc
10_loan_repay,RandomForest,0,0.6452847805788982,0,roc
10_loan_repay,RandomForest,1,0.6568383875289245,0,roc
10_loan_repay,RandomForest,2,0.6234279218933952,0,roc
10_loan_repay,RandomForest,3,0.66493727925953,0,roc
10_loan_repay,RandomForest,4,0.6484878009174684,0,roc
10_loan_repay,RandomForest,5,0.6639085417070493,0,roc
10_loan_repay,RandomForest,6,0.6424412030755312,0,roc
10_loan_repay,RandomForest,7,0.6864460166698972,0,roc
10_loan_repay,RandomForest,8,0.6690932591942249,0,roc
10_loan_repay,RandomForest,9,0.6538467791760153,0,roc
10_loan_repay,SVM,0,0.5366459627329192,0,roc
10_loan_repay,SVM,1,0.5334226444200869,0,roc
10_loan_repay,SVM,2,0.5746194129825843,0,roc
10_loan_repay,SVM,3,0.6003856615109813,0,roc
10_loan_repay,SVM,4,0.6167986034993708,0,roc
10_loan_repay,SVM,5,0.5758060347612586,0,roc
10_loan_repay,SVM,6,0.582089552238806,0,roc
10_loan_repay,SVM,7,0.5875129224009821,0,roc
10_loan_repay,SVM,8,0.5893408773127825,0,roc
10_loan_repay,SVM,9,0.5302003056612363,0,roc
10_loan_repay,MLP,0,0.6305768684285309,0,roc
10_loan_repay,MLP,1,0.610969025291276,0,roc
10_loan_repay,MLP,2,0.6300166443388949,0,roc
10_loan_repay,MLP,3,0.6914870295944465,0,roc
10_loan_repay,MLP,4,0.6405715909552226,0,roc
10_loan_repay,MLP,5,0.6840149899851392,0,roc
10_loan_repay,MLP,6,0.6283840537571881,0,roc
10_loan_repay,MLP,7,0.6838130774697939,0,roc
10_loan_repay,MLP,8,0.6731457093616883,0,roc
10_loan_repay,MLP,9,0.6739342503170422,0,roc
10_loan_repay,XGBoost,0,0.6116023220882555,0,roc
10_loan_repay,XGBoost,1,0.5987009296472212,0,roc
10_loan_repay,XGBoost,2,0.5859619210002842,0,roc
10_loan_repay,XGBoost,3,0.6096293589899728,0,roc
10_loan_repay,XGBoost,4,0.630203385702107,0,roc
10_loan_repay,XGBoost,5,0.6472103766879886,0,roc
10_loan_repay,XGBoost,6,0.5934693416036699,0,roc
10_loan_repay,XGBoost,7,0.6540350197066614,0,roc
10_loan_repay,XGBoost,8,0.645871947452281,0,roc
10_loan_repay,XGBoost,9,0.6086154196338569,0,roc
10_loan_repay,TabPFN,0,0.6669061827629602,0,roc
10_loan_repay,TabPFN,1,0.696788860471725,0,roc
10_loan_repay,TabPFN,2,0.6583647951934397,0,roc
10_loan_repay,TabPFN,3,0.6925709414200463,0,roc
10_loan_repay,TabPFN,4,0.6787114845938376,0,roc
10_loan_repay,TabPFN,5,0.6887235898429929,0,roc
10_loan_repay,TabPFN,6,0.6498635071396265,0,roc
10_loan_repay,TabPFN,7,0.6982982813206693,0,roc
10_loan_repay,TabPFN,8,0.6919365590348909,0,roc
10_loan_repay,TabPFN,9,0.6823155464507528,0,roc
10_loan_repay,LightGBM,0,0.621864977875208,0,roc
10_loan_repay,LightGBM,1,0.649486461251167,0,roc
10_loan_repay,LightGBM,2,0.6183656071124101,0,roc
10_loan_repay,LightGBM,3,0.6724475297365323,0,roc
10_loan_repay,LightGBM,4,0.6583526164088823,0,roc
10_loan_repay,LightGBM,5,0.6692753763649285,0,roc
10_loan_repay,LightGBM,6,0.6431317438780124,0,roc
10_loan_repay,LightGBM,7,0.670470698455773,0,roc
10_loan_repay,LightGBM,8,0.6782427730627907,0,roc
10_loan_repay,LightGBM,9,0.658870679283322,0,roc
10_loan_repay,CatBoost,0,0.6511671335200747,0,roc
10_loan_repay,CatBoost,1,0.6446717817561808,0,roc
10_loan_repay,CatBoost,2,0.6455486542443064,0,roc
10_loan_repay,CatBoost,3,0.6626151910039378,0,roc
10_loan_repay,CatBoost,4,0.677603215199123,0,roc
10_loan_repay,CatBoost,5,0.6859452736318408,0,roc
10_loan_repay,CatBoost,6,0.6362667183562706,0,roc
10_loan_repay,CatBoost,7,0.7147783808231569,0,roc
10_loan_repay,CatBoost,8,0.6815595226481969,0,roc
10_loan_repay,CatBoost,9,0.6693412024843105,0,roc
11_bank_churn,LogReg,0,0.7752303182579565,0,roc
11_bank_churn,LogReg,1,0.7651923834860579,0,roc
11_bank_churn,LogReg,2,0.7627290866095181,0,roc
11_bank_churn,LogReg,3,0.7139311754852695,0,roc
11_bank_churn,LogReg,4,0.7531468617597794,0,roc
11_bank_churn,LogReg,5,0.7272452951029659,0,roc
11_bank_churn,LogReg,6,0.7649830032515519,0,roc
11_bank_churn,LogReg,7,0.7437249290751647,0,roc
11_bank_churn,LogReg,8,0.7904827833439437,0,roc
11_bank_churn,LogReg,9,0.7496955949342052,0,roc
11_bank_churn,KNN,0,0.7746298896443,0,roc
11_bank_churn,KNN,1,0.8035582323381615,0,roc
11_bank_churn,KNN,2,0.8124199428515124,0,roc
11_bank_churn,KNN,3,0.7214657848063849,0,roc
11_bank_churn,KNN,4,0.7811884175780864,0,roc
11_bank_churn,KNN,5,0.791691299635432,0,roc
11_bank_churn,KNN,6,0.7993305990738004,0,roc
11_bank_churn,KNN,7,0.7633953680983492,0,roc
11_bank_churn,KNN,8,0.7879331977674902,0,roc
11_bank_churn,KNN,9,0.794008937456348,0,roc
11_bank_churn,RandomForest,0,0.8329823135284264,0,roc
11_bank_churn,RandomForest,1,0.8633178145630112,0,roc
11_bank_churn,RandomForest,2,0.8750585033008179,0,roc
11_bank_churn,RandomForest,3,0.8067050940979408,0,roc
11_bank_churn,RandomForest,4,0.8458006946497193,0,roc
11_bank_churn,RandomForest,5,0.8532675633067297,0,roc
11_bank_churn,RandomForest,6,0.8537910138929944,0,roc
11_bank_churn,RandomForest,7,0.854735430277333,0,roc
11_bank_churn,RandomForest,8,0.869909327465681,0,roc
11_bank_churn,RandomForest,9,0.8535579853020255,0,roc
11_bank_churn,SVM,0,0.812509237363287,0,roc
11_bank_churn,SVM,1,0.8359752192334221,0,roc
11_bank_churn,SVM,2,0.8453726968174203,0,roc
11_bank_churn,SVM,3,0.7615220711400138,0,roc
11_bank_churn,SVM,4,0.8070869051138043,0,roc
11_bank_churn,SVM,5,0.8222608138732881,0,roc
11_bank_churn,SVM,6,0.8268055966105035,0,roc
11_bank_churn,SVM,7,0.8103695508402815,0,roc
11_bank_churn,SVM,8,0.8294404509521544,0,roc
11_bank_churn,SVM,9,0.8171313608297124,0,roc
11_bank_churn,MLP,0,0.8442765297073604,0,roc
11_bank_churn,MLP,1,0.870535274411272,0,roc
11_bank_churn,MLP,2,0.8808380135973988,0,roc
11_bank_churn,MLP,3,0.8055658192925411,0,roc
11_bank_churn,MLP,4,0.8412405163070253,0,roc
11_bank_churn,MLP,5,0.8584158537786974,0,roc
11_bank_churn,MLP,6,0.8660397576115874,0,roc
11_bank_churn,MLP,7,0.8488234821467202,0,roc
11_bank_churn,MLP,8,0.8675575279218251,0,roc
11_bank_churn,MLP,9,0.8505541099319492,0,roc
11_bank_churn,XGBoost,0,0.8336227707163266,0,roc
11_bank_churn,XGBoost,1,0.850114543304759,0,roc
11_bank_churn,XGBoost,2,0.8708062370676913,0,roc
11_bank_churn,XGBoost,3,0.7855576904128485,0,roc
11_bank_churn,XGBoost,4,0.8279325549315204,0,roc
11_bank_churn,XGBoost,5,0.8494556113902847,0,roc
11_bank_churn,XGBoost,6,0.8492277564292048,0,roc
11_bank_churn,XGBoost,7,0.8382048445216359,0,roc
11_bank_churn,XGBoost,8,0.8673350186351527,0,roc
11_bank_churn,XGBoost,9,0.8577485768676874,0,roc
11_bank_churn,TabPFN,0,0.8701719381219825,0,roc
11_bank_churn,TabPFN,1,0.8878399349689625,0,roc
11_bank_churn,TabPFN,2,0.8950142871218839,0,roc
11_bank_churn,TabPFN,3,0.8266824317666766,0,roc
11_bank_churn,TabPFN,4,0.8705691447433244,0,roc
11_bank_churn,TabPFN,5,0.8771646221302591,0,roc
11_bank_churn,TabPFN,6,0.8853674007291359,0,roc
11_bank_churn,TabPFN,7,0.8668281919266214,0,roc
11_bank_churn,TabPFN,8,0.8889709563572757,0,roc
11_bank_churn,TabPFN,9,0.8689358493364897,0,roc
11_bank_churn,LightGBM,0,0.847977633264361,0,roc
11_bank_churn,LightGBM,1,0.8677579071829739,0,roc
11_bank_churn,LightGBM,2,0.8891701152822938,0,roc
11_bank_churn,LightGBM,3,0.8120258153512661,0,roc
11_bank_churn,LightGBM,4,0.857738447137649,0,roc
11_bank_churn,LightGBM,5,0.8661813971819884,0,roc
11_bank_churn,LightGBM,6,0.8653993004236871,0,roc
11_bank_churn,LightGBM,7,0.8564691484693215,0,roc
11_bank_churn,LightGBM,8,0.8787324387635902,0,roc
11_bank_churn,LightGBM,9,0.8640282834026614,0,roc
11_bank_churn,CatBoost,0,0.8557000689723125,0,roc
11_bank_churn,CatBoost,1,0.8756342989457089,0,roc
11_bank_churn,CatBoost,2,0.8841080402010051,0,roc
11_bank_churn,CatBoost,3,0.8147723913686077,0,roc
11_bank_churn,CatBoost,4,0.8570548822544093,0,roc
11_bank_churn,CatBoost,5,0.8730539954675338,0,roc
11_bank_churn,CatBoost,6,0.8744026505074391,0,roc
11_bank_churn,CatBoost,7,0.8634781909994994,0,roc
11_bank_churn,CatBoost,8,0.8827128826696169,0,roc
11_bank_churn,CatBoost,9,0.870301809124117,0,roc
1_german_credit,LogReg,0,0.7828571428571429,0,roc
1_german_credit,LogReg,1,0.8104761904761907,0,roc
1_german_credit,LogReg,2,0.7395238095238097,0,roc
1_german_credit,LogReg,3,0.7228571428571429,0,roc
1_german_credit,LogReg,4,0.7695238095238095,0,roc
1_german_credit,LogReg,5,0.7152380952380952,0,roc
1_german_credit,LogReg,6,0.6966666666666668,0,roc
1_german_credit,LogReg,7,0.8271428571428572,0,roc
1_german_credit,LogReg,8,0.7495238095238096,0,roc
1_german_credit,LogReg,9,0.7457142857142858,0,roc
1_german_credit,KNN,0,0.7050000000000001,0,roc
1_german_credit,KNN,1,0.7383333333333333,0,roc
1_german_credit,KNN,2,0.7226190476190476,0,roc
1_german_credit,KNN,3,0.6278571428571429,0,roc
1_german_credit,KNN,4,0.6216666666666668,0,roc
1_german_credit,KNN,5,0.6666666666666667,0,roc
1_german_credit,KNN,6,0.7885714285714286,0,roc
1_german_credit,KNN,7,0.7476190476190476,0,roc
1_german_credit,KNN,8,0.6788095238095238,0,roc
1_german_credit,KNN,9,0.6257142857142857,0,roc
1_german_credit,RandomForest,0,0.7928571428571429,0,roc
1_german_credit,RandomForest,1,0.7954761904761904,0,roc
1_german_credit,RandomForest,2,0.7502380952380953,0,roc
1_german_credit,RandomForest,3,0.7497619047619047,0,roc
1_german_credit,RandomForest,4,0.7888095238095237,0,roc
1_german_credit,RandomForest,5,0.7488095238095238,0,roc
1_german_credit,RandomForest,6,0.7626190476190475,0,roc
1_german_credit,RandomForest,7,0.7938095238095239,0,roc
1_german_credit,RandomForest,8,0.721904761904762,0,roc
1_german_credit,RandomForest,9,0.6976190476190476,0,roc
1_german_credit,SVM,0,0.769047619047619,0,roc
1_german_credit,SVM,1,0.7842857142857144,0,roc
1_german_credit,SVM,2,0.7495238095238096,0,roc
1_german_credit,SVM,3,0.7085714285714286,0,roc
1_german_credit,SVM,4,0.7628571428571429,0,roc
1_german_credit,SVM,5,0.7466666666666667,0,roc
1_german_credit,SVM,6,0.7652380952380953,0,roc
1_german_credit,SVM,7,0.8404761904761906,0,roc
1_german_credit,SVM,8,0.7538095238095238,0,roc
1_german_credit,SVM,9,0.7095238095238094,0,roc
1_german_credit,MLP,0,0.7623809523809524,0,roc
1_german_credit,MLP,1,0.7747619047619048,0,roc
1_german_credit,MLP,2,0.7785714285714285,0,roc
1_german_credit,MLP,3,0.7247619047619047,0,roc
1_german_credit,MLP,4,0.7628571428571429,0,roc
1_german_credit,MLP,5,0.7528571428571428,0,roc
1_german_credit,MLP,6,0.7823809523809524,0,roc
1_german_credit,MLP,7,0.8161904761904761,0,roc
1_german_credit,MLP,8,0.7604761904761905,0,roc
1_german_credit,MLP,9,0.7157142857142859,0,roc
1_german_credit,XGBoost,0,0.7423809523809525,0,roc
1_german_credit,XGBoost,1,0.7880952380952381,0,roc
1_german_credit,XGBoost,2,0.7242857142857143,0,roc
1_german_credit,XGBoost,3,0.7185714285714286,0,roc
1_german_credit,XGBoost,4,0.799047619047619,0,roc
1_german_credit,XGBoost,5,0.7666666666666666,0,roc
1_german_credit,XGBoost,6,0.7457142857142858,0,roc
1_german_credit,XGBoost,7,0.7357142857142858,0,roc
1_german_credit,XGBoost,8,0.6885714285714286,0,roc
1_german_credit,XGBoost,9,0.720952380952381,0,roc
1_german_credit,TabPFN,0,0.77,0,roc
1_german_credit,TabPFN,1,0.8219047619047619,0,roc
1_german_credit,TabPFN,2,0.7752380952380953,0,roc
1_german_credit,TabPFN,3,0.735952380952381,0,roc
1_german_credit,TabPFN,4,0.8016666666666666,0,roc
1_german_credit,TabPFN,5,0.7530952380952382,0,roc
1_german_credit,TabPFN,6,0.7783333333333333,0,roc
1_german_credit,TabPFN,7,0.8330952380952381,0,roc
1_german_credit,TabPFN,8,0.8102380952380952,0,roc
1_german_credit,TabPFN,9,0.7433333333333334,0,roc
1_german_credit,LightGBM,0,0.7876190476190477,0,roc
1_german_credit,LightGBM,1,0.7580952380952382,0,roc
1_german_credit,LightGBM,2,0.7252380952380952,0,roc
1_german_credit,LightGBM,3,0.6985714285714286,0,roc
1_german_credit,LightGBM,4,0.7861904761904762,0,roc
1_german_credit,LightGBM,5,0.7657142857142858,0,roc
1_german_credit,LightGBM,6,0.760952380952381,0,roc
1_german_credit,LightGBM,7,0.749047619047619,0,roc
1_german_credit,LightGBM,8,0.7295238095238096,0,roc
1_german_credit,LightGBM,9,0.7347619047619047,0,roc
1_german_credit,CatBoost,0,0.7838095238095238,0,roc
1_german_credit,CatBoost,1,0.800952380952381,0,roc
1_german_credit,CatBoost,2,0.7533333333333333,0,roc
1_german_credit,CatBoost,3,0.7357142857142858,0,roc
1_german_credit,CatBoost,4,0.7976190476190477,0,roc
1_german_credit,CatBoost,5,0.7780952380952381,0,roc
1_german_credit,CatBoost,6,0.8066666666666666,0,roc
1_german_credit,CatBoost,7,0.818095238095238,0,roc
1_german_credit,CatBoost,8,0.7552380952380953,0,roc
1_german_credit,CatBoost,9,0.7119047619047618,0,roc
27_loan_prediction_problem,LogReg,0,0.7796817625458996,0,roc
27_loan_prediction_problem,LogReg,1,0.7490820073439413,0,roc
27_loan_prediction_problem,LogReg,2,0.6892857142857143,0,roc
27_loan_prediction_problem,LogReg,3,0.6619047619047618,0,roc
27_loan_prediction_problem,LogReg,4,0.7406015037593985,0,roc
27_loan_prediction_problem,LogReg,5,0.7142857142857143,0,roc
27_loan_prediction_problem,LogReg,6,0.7431077694235589,0,roc
27_loan_prediction_problem,LogReg,7,0.6829573934837092,0,roc
27_loan_prediction_problem,LogReg,8,0.7781954887218046,0,roc
27_loan_prediction_problem,LogReg,9,0.7481203007518797,0,roc
27_loan_prediction_problem,KNN,0,0.5263157894736843,0,roc
27_loan_prediction_problem,KNN,1,0.5,0,roc
27_loan_prediction_problem,KNN,2,0.5,0,roc
27_loan_prediction_problem,KNN,3,0.5,0,roc
27_loan_prediction_problem,KNN,4,0.5,0,roc
27_loan_prediction_problem,KNN,5,0.5,0,roc
27_loan_prediction_problem,KNN,6,0.5263157894736843,0,roc
27_loan_prediction_problem,KNN,7,0.5,0,roc
27_loan_prediction_problem,KNN,8,0.5,0,roc
27_loan_prediction_problem,KNN,9,0.5,0,roc
27_loan_prediction_problem,RandomForest,0,0.7056303549571604,0,roc
27_loan_prediction_problem,RandomForest,1,0.7429620563035496,0,roc
27_loan_prediction_problem,RandomForest,2,0.7755952380952381,0,roc
27_loan_prediction_problem,RandomForest,3,0.7523809523809524,0,roc
27_loan_prediction_problem,RandomForest,4,0.7406015037593985,0,roc
27_loan_prediction_problem,RandomForest,5,0.7130325814536341,0,roc
27_loan_prediction_problem,RandomForest,6,0.6904761904761906,0,roc
27_loan_prediction_problem,RandomForest,7,0.7807017543859649,0,roc
27_loan_prediction_problem,RandomForest,8,0.8176691729323309,0,roc
27_loan_prediction_problem,RandomForest,9,0.7525062656641605,0,roc
27_loan_prediction_problem,SVM,0,0.6756425948592412,0,roc
27_loan_prediction_problem,SVM,1,0.7576499388004896,0,roc
27_loan_prediction_problem,SVM,2,0.7988095238095237,0,roc
27_loan_prediction_problem,SVM,3,0.6619047619047619,0,roc
27_loan_prediction_problem,SVM,4,0.6929824561403509,0,roc
27_loan_prediction_problem,SVM,5,0.7155388471177946,0,roc
27_loan_prediction_problem,SVM,6,0.713032581453634,0,roc
27_loan_prediction_problem,SVM,7,0.7180451127819549,0,roc
27_loan_prediction_problem,SVM,8,0.81328320802005,0,roc
27_loan_prediction_problem,SVM,9,0.7481203007518797,0,roc
27_loan_prediction_problem,MLP,0,0.4908200734394125,0,roc
27_loan_prediction_problem,MLP,1,0.6695226438188495,0,roc
27_loan_prediction_problem,MLP,2,0.7976190476190476,0,roc
27_loan_prediction_problem,MLP,3,0.6619047619047619,0,roc
27_loan_prediction_problem,MLP,4,0.706766917293233,0,roc
27_loan_prediction_problem,MLP,5,0.6315789473684211,0,roc
27_loan_prediction_problem,MLP,6,0.6378446115288221,0,roc
27_loan_prediction_problem,MLP,7,0.6604010025062657,0,roc
27_loan_prediction_problem,MLP,8,0.8082706766917294,0,roc
27_loan_prediction_problem,MLP,9,0.5639097744360902,0,roc
27_loan_prediction_problem,XGBoost,0,0.6854345165238678,0,roc
27_loan_prediction_problem,XGBoost,1,0.766217870257038,0,roc
27_loan_prediction_problem,XGBoost,2,0.7749999999999999,0,roc
27_loan_prediction_problem,XGBoost,3,0.7392857142857142,0,roc
27_loan_prediction_problem,XGBoost,4,0.6917293233082706,0,roc
27_loan_prediction_problem,XGBoost,5,0.7481203007518797,0,roc
27_loan_prediction_problem,XGBoost,6,0.7192982456140351,0,roc
27_loan_prediction_problem,XGBoost,7,0.7706766917293234,0,roc
27_loan_prediction_problem,XGBoost,8,0.7694235588972431,0,roc
27_loan_prediction_problem,XGBoost,9,0.7017543859649122,0,roc
27_loan_prediction_problem,TabPFN,0,0.7392900856793145,0,roc
27_loan_prediction_problem,TabPFN,1,0.8017135862913096,0,roc
27_loan_prediction_problem,TabPFN,2,0.7428571428571429,0,roc
27_loan_prediction_problem,TabPFN,3,0.743452380952381,0,roc
27_loan_prediction_problem,TabPFN,4,0.7606516290726817,0,roc
27_loan_prediction_problem,TabPFN,5,0.7406015037593985,0,roc
27_loan_prediction_problem,TabPFN,6,0.7431077694235589,0,roc
27_loan_prediction_problem,TabPFN,7,0.7218045112781954,0,roc
27_loan_prediction_problem,TabPFN,8,0.8314536340852131,0,roc
27_loan_prediction_problem,TabPFN,9,0.755639097744361,0,roc
27_loan_prediction_problem,LightGBM,0,0.7050183598531212,0,roc
27_loan_prediction_problem,LightGBM,1,0.8041615667074664,0,roc
27_loan_prediction_problem,LightGBM,2,0.7523809523809524,0,roc
27_loan_prediction_problem,LightGBM,3,0.7285714285714285,0,roc
27_loan_prediction_problem,LightGBM,4,0.7218045112781954,0,roc
27_loan_prediction_problem,LightGBM,5,0.7706766917293233,0,roc
27_loan_prediction_problem,LightGBM,6,0.7105263157894737,0,roc
27_loan_prediction_problem,LightGBM,7,0.7631578947368421,0,roc
27_loan_prediction_problem,LightGBM,8,0.8007518796992481,0,roc
27_loan_prediction_problem,LightGBM,9,0.6691729323308271,0,roc
27_loan_prediction_problem,CatBoost,0,0.7025703794369644,0,roc
27_loan_prediction_problem,CatBoost,1,0.7760097919216646,0,roc
27_loan_prediction_problem,CatBoost,2,0.7916666666666666,0,roc
27_loan_prediction_problem,CatBoost,3,0.7107142857142857,0,roc
27_loan_prediction_problem,CatBoost,4,0.7393483709273183,0,roc
27_loan_prediction_problem,CatBoost,5,0.7255639097744361,0,roc
27_loan_prediction_problem,CatBoost,6,0.6804511278195489,0,roc
27_loan_prediction_problem,CatBoost,7,0.7443609022556391,0,roc
27_loan_prediction_problem,CatBoost,8,0.8421052631578948,0,roc
27_loan_prediction_problem,CatBoost,9,0.7218045112781954,0,roc
2_bank_marketing,LogReg,0,0.8828882575757576,0,roc
2_bank_marketing,LogReg,1,0.8753882575757576,0,roc
2_bank_marketing,LogReg,2,0.8529261363636363,0,roc
2_bank_marketing,LogReg,3,0.861903409090909,0,roc
2_bank_marketing,LogReg,4,0.8852471347041624,0,roc
2_bank_marketing,LogReg,5,0.8719995486982767,0,roc
2_bank_marketing,LogReg,6,0.8994255305145781,0,roc
2_bank_marketing,LogReg,7,0.8624563976720352,0,roc
2_bank_marketing,LogReg,8,0.8831034515179722,0,roc
2_bank_marketing,LogReg,9,0.8691225002115478,0,roc
2_bank_marketing,KNN,0,0.8037878787878787,0,roc
2_bank_marketing,KNN,1,0.8208143939393939,0,roc
2_bank_marketing,KNN,2,0.7558049242424243,0,roc
2_bank_marketing,KNN,3,0.802249053030303,0,roc
2_bank_marketing,KNN,4,0.8111020223958479,0,roc
2_bank_marketing,KNN,5,0.7773907238691602,0,roc
2_bank_marketing,KNN,6,0.7811985821604188,0,roc
2_bank_marketing,KNN,7,0.7966838725448717,0,roc
2_bank_marketing,KNN,8,0.8408174202465235,0,roc
2_bank_marketing,KNN,9,0.7817015955396347,0,roc
2_bank_marketing,RandomForest,0,0.9221070075757576,0,roc
2_bank_marketing,RandomForest,1,0.9090009469696969,0,roc
2_bank_marketing,RandomForest,2,0.8701751893939393,0,roc
2_bank_marketing,RandomForest,3,0.9099668560606061,0,roc
2_bank_marketing,RandomForest,4,0.9012965522428755,0,roc
2_bank_marketing,RandomForest,5,0.9179383032935624,0,roc
2_bank_marketing,RandomForest,6,0.9029654284075631,0,roc
2_bank_marketing,RandomForest,7,0.8980152126289265,0,roc
2_bank_marketing,RandomForest,8,0.9180793350821275,0,roc
2_bank_marketing,RandomForest,9,0.8847300181460901,0,roc
2_bank_marketing,SVM,0,0.8774810606060606,0,roc
2_bank_marketing,SVM,1,0.8661695075757576,0,roc
2_bank_marketing,SVM,2,0.8408806818181818,0,roc
2_bank_marketing,SVM,3,0.8645170454545454,0,roc
2_bank_marketing,SVM,4,0.8594947301121673,0,roc
2_bank_marketing,SVM,5,0.872394437706259,0,roc
2_bank_marketing,SVM,6,0.8803110221043823,0,roc
2_bank_marketing,SVM,7,0.8676463674912326,0,roc
2_bank_marketing,SVM,8,0.8971126091821097,0,roc
2_bank_marketing,SVM,9,0.8594853279929295,0,roc
2_bank_marketing,MLP,0,0.8906249999999999,0,roc
2_bank_marketing,MLP,1,0.8901799242424242,0,roc
2_bank_marketing,MLP,2,0.8618276515151515,0,roc
2_bank_marketing,MLP,3,0.8725284090909091,0,roc
2_bank_marketing,MLP,4,0.8939911055952011,0,roc
2_bank_marketing,MLP,5,0.8765595765285497,0,roc
2_bank_marketing,MLP,6,0.8873344051749263,0,roc
2_bank_marketing,MLP,7,0.8732312263184121,0,roc
2_bank_marketing,MLP,8,0.8955142489117046,0,roc
2_bank_marketing,MLP,9,0.8712943897554508,0,roc
2_bank_marketing,XGBoost,0,0.9202272727272727,0,roc
2_bank_marketing,XGBoost,1,0.8968371212121212,0,roc
2_bank_marketing,XGBoost,2,0.8909280303030302,0,roc
2_bank_marketing,XGBoost,3,0.9071496212121213,0,roc
2_bank_marketing,XGBoost,4,0.9224607226468846,0,roc
2_bank_marketing,XGBoost,5,0.9152492971915871,0,roc
2_bank_marketing,XGBoost,6,0.913622730563469,0,roc
2_bank_marketing,XGBoost,7,0.8974886939516167,0,roc
2_bank_marketing,XGBoost,8,0.9175716206432931,0,roc
2_bank_marketing,XGBoost,9,0.8895250989573051,0,roc
2_bank_marketing,TabPFN,0,0.9329498106060605,0,roc
2_bank_marketing,TabPFN,1,0.9262168560606061,0,roc
2_bank_marketing,TabPFN,2,0.9036931818181817,0,roc
2_bank_marketing,TabPFN,3,0.9254119318181818,0,roc
2_bank_marketing,TabPFN,4,0.9337009561955264,0,roc
2_bank_marketing,TabPFN,5,0.9377861770042968,0,roc
2_bank_marketing,TabPFN,6,0.9380964469391401,0,roc
2_bank_marketing,TabPFN,7,0.9242847337789939,0,roc
2_bank_marketing,TabPFN,8,0.9391071747571902,0,roc
2_bank_marketing,TabPFN,9,0.9211350238343723,0,roc
2_bank_marketing,LightGBM,0,0.9168276515151516,0,roc
2_bank_marketing,LightGBM,1,0.9173863636363636,0,roc
2_bank_marketing,LightGBM,2,0.8968655303030303,0,roc
2_bank_marketing,LightGBM,3,0.9122632575757577,0,roc
2_bank_marketing,LightGBM,4,0.925412988087515,0,roc
2_bank_marketing,LightGBM,5,0.9237958235786347,0,roc
2_bank_marketing,LightGBM,6,0.920505081845448,0,roc
2_bank_marketing,LightGBM,7,0.9081789035248545,0,roc
2_bank_marketing,LightGBM,8,0.9272464013388618,0,roc
2_bank_marketing,LightGBM,9,0.898146842298254,0,roc
2_bank_marketing,CatBoost,0,0.9284943181818183,0,roc
2_bank_marketing,CatBoost,1,0.9259564393939393,0,roc
2_bank_marketing,CatBoost,2,0.8957575757575758,0,roc
2_bank_marketing,CatBoost,3,0.9117329545454546,0,roc
2_bank_marketing,CatBoost,4,0.930696979099089,0,roc
2_bank_marketing,CatBoost,5,0.9246514164292632,0,roc
2_bank_marketing,CatBoost,6,0.9255728241145554,0,roc
2_bank_marketing,CatBoost,7,0.909965306180013,0,roc
2_bank_marketing,CatBoost,8,0.9357459171297211,0,roc
2_bank_marketing,CatBoost,9,0.9093917769065147,0,roc
3_credit_approval,LogReg,0,0.933786078098472,0,roc
3_credit_approval,LogReg,1,0.9185059422750425,0,roc
3_credit_approval,LogReg,2,0.9558573853989814,0,roc
3_credit_approval,LogReg,3,0.8310696095076401,0,roc
3_credit_approval,LogReg,4,0.9770797962648557,0,roc
3_credit_approval,LogReg,5,0.8607809847198642,0,roc
3_credit_approval,LogReg,6,0.9575551782682512,0,roc
3_credit_approval,LogReg,7,0.8649572649572649,0,roc
3_credit_approval,LogReg,8,0.9136752136752138,0,roc
3_credit_approval,LogReg,9,0.9931623931623932,0,roc
3_credit_approval,KNN,0,0.8484719864176571,0,roc
3_credit_approval,KNN,1,0.8128183361629883,0,roc
3_credit_approval,KNN,2,0.8951612903225806,0,roc
3_credit_approval,KNN,3,0.7886247877758913,0,roc
3_credit_approval,KNN,4,0.9070458404074704,0,roc
3_credit_approval,KNN,5,0.764006791171477,0,roc
3_credit_approval,KNN,6,0.879881154499151,0,roc
3_credit_approval,KNN,7,0.8068376068376069,0,roc
3_credit_approval,KNN,8,0.8222222222222222,0,roc
3_credit_approval,KNN,9,0.9705128205128205,0,roc
3_credit_approval,RandomForest,0,0.9477928692699491,0,roc
3_credit_approval,RandomForest,1,0.9295415959252972,0,roc
3_credit_approval,RandomForest,2,0.951188455008489,0,roc
3_credit_approval,RandomForest,3,0.8590831918505942,0,roc
3_credit_approval,RandomForest,4,0.9919354838709676,0,roc
3_credit_approval,RandomForest,5,0.9049235993208828,0,roc
3_credit_approval,RandomForest,6,0.9507640067911715,0,roc
3_credit_approval,RandomForest,7,0.8683760683760684,0,roc
3_credit_approval,RandomForest,8,0.9346153846153846,0,roc
3_credit_approval,RandomForest,9,1.0,0,roc
3_credit_approval,SVM,0,0.9295415959252971,0,roc
3_credit_approval,SVM,1,0.9057724957555178,0,roc
3_credit_approval,SVM,2,0.9524617996604414,0,roc
3_credit_approval,SVM,3,0.8293718166383702,0,roc
3_credit_approval,SVM,4,0.9821731748726655,0,roc
3_credit_approval,SVM,5,0.8735144312393889,0,roc
3_credit_approval,SVM,6,0.9558573853989814,0,roc
3_credit_approval,SVM,7,0.9,0,roc
3_credit_approval,SVM,8,0.9153846153846154,0,roc
3_credit_approval,SVM,9,1.0,0,roc
3_credit_approval,MLP,0,0.9100169779286926,0,roc
3_credit_approval,MLP,1,0.9235993208828522,0,roc
3_credit_approval,MLP,2,0.9617996604414261,0,roc
3_credit_approval,MLP,3,0.8234295415959253,0,roc
3_credit_approval,MLP,4,0.9915110356536503,0,roc
3_credit_approval,MLP,5,0.8743633276740238,0,roc
3_credit_approval,MLP,6,0.9634974533106961,0,roc
3_credit_approval,MLP,7,0.9085470085470085,0,roc
3_credit_approval,MLP,8,0.9188034188034189,0,roc
3_credit_approval,MLP,9,0.9948717948717949,0,roc
3_credit_approval,XGBoost,0,0.902376910016978,0,roc
3_credit_approval,XGBoost,1,0.965195246179966,0,roc
3_credit_approval,XGBoost,2,0.9617996604414262,0,roc
3_credit_approval,XGBoost,3,0.8438030560271647,0,roc
3_credit_approval,XGBoost,4,0.9949066213921901,0,roc
3_credit_approval,XGBoost,5,0.9074702886247877,0,roc
3_credit_approval,XGBoost,6,0.9473684210526315,0,roc
3_credit_approval,XGBoost,7,0.8307692307692307,0,roc
3_credit_approval,XGBoost,8,0.9367521367521366,0,roc
3_credit_approval,XGBoost,9,0.994017094017094,0,roc
3_credit_approval,TabPFN,0,0.9575551782682512,0,roc
3_credit_approval,TabPFN,1,0.9465195246179965,0,roc
3_credit_approval,TabPFN,2,0.9745331069609507,0,roc
3_credit_approval,TabPFN,3,0.8556876061120542,0,roc
3_credit_approval,TabPFN,4,0.9949066213921902,0,roc
3_credit_approval,TabPFN,5,0.8921901528013583,0,roc
3_credit_approval,TabPFN,6,0.9719864176570459,0,roc
3_credit_approval,TabPFN,7,0.882051282051282,0,roc
3_credit_approval,TabPFN,8,0.9333333333333333,0,roc
3_credit_approval,TabPFN,9,1.0,0,roc
3_credit_approval,LightGBM,0,0.9193548387096774,0,roc
3_credit_approval,LightGBM,1,0.9609507640067911,0,roc
3_credit_approval,LightGBM,2,0.9601018675721562,0,roc
3_credit_approval,LightGBM,3,0.8480475382003395,0,roc
3_credit_approval,LightGBM,4,0.9932088285229201,0,roc
3_credit_approval,LightGBM,5,0.8998302207130731,0,roc
3_credit_approval,LightGBM,6,0.9524617996604414,0,roc
3_credit_approval,LightGBM,7,0.8376068376068375,0,roc
3_credit_approval,LightGBM,8,0.9273504273504274,0,roc
3_credit_approval,LightGBM,9,0.9965811965811966,0,roc
3_credit_approval,CatBoost,0,0.933786078098472,0,roc
3_credit_approval,CatBoost,1,0.9584040747028862,0,roc
3_credit_approval,CatBoost,2,0.9736842105263158,0,roc
3_credit_approval,CatBoost,3,0.8624787775891343,0,roc
3_credit_approval,CatBoost,4,0.9983022071307301,0,roc
3_credit_approval,CatBoost,5,0.898981324278438,0,roc
3_credit_approval,CatBoost,6,0.9711375212224108,0,roc
3_credit_approval,CatBoost,7,0.8735042735042735,0,roc
3_credit_approval,CatBoost,8,0.9316239316239315,0,roc
3_credit_approval,CatBoost,9,1.0,0,roc
4_australian_credit,LogReg,0,0.9675213675213675,0,roc
4_australian_credit,LogReg,1,0.9504273504273504,0,roc
4_australian_credit,LogReg,2,0.9769230769230769,0,roc
4_australian_credit,LogReg,3,0.8735144312393888,0,roc
4_australian_credit,LogReg,4,0.9049235993208828,0,roc
4_australian_credit,LogReg,5,0.9617996604414261,0,roc
4_australian_credit,LogReg,6,0.8786078098471987,0,roc
4_australian_credit,LogReg,7,0.933786078098472,0,roc
4_australian_credit,LogReg,8,0.900679117147708,0,roc
4_australian_credit,LogReg,9,0.9753820033955858,0,roc
4_australian_credit,KNN,0,0.9448717948717948,0,roc
4_australian_credit,KNN,1,0.9064102564102564,0,roc
4_australian_credit,KNN,2,0.9542735042735042,0,roc
4_australian_credit,KNN,3,0.8450764006791172,0,roc
4_australian_credit,KNN,4,0.884125636672326,0,roc
4_australian_credit,KNN,5,0.949490662139219,0,roc
4_australian_credit,KNN,6,0.8247028862478778,0,roc
4_australian_credit,KNN,7,0.9265704584040746,0,roc
4_australian_credit,KNN,8,0.8960101867572157,0,roc
4_australian_credit,KNN,9,0.9473684210526316,0,roc
4_australian_credit,RandomForest,0,0.9743589743589743,0,roc
4_australian_credit,RandomForest,1,0.9346153846153846,0,roc
4_australian_credit,RandomForest,2,0.9559829059829059,0,roc
4_australian_credit,RandomForest,3,0.8798811544991512,0,roc
4_australian_credit,RandomForest,4,0.9117147707979627,0,roc
4_australian_credit,RandomForest,5,0.9681663837011885,0,roc
4_australian_credit,RandomForest,6,0.8739388794567063,0,roc
4_australian_credit,RandomForest,7,0.9524617996604414,0,roc
4_australian_credit,RandomForest,8,0.9448217317487266,0,roc
4_australian_credit,RandomForest,9,0.9617996604414261,0,roc
4_australian_credit,SVM,0,0.9623931623931624,0,roc
4_australian_credit,SVM,1,0.9461538461538461,0,roc
4_australian_credit,SVM,2,0.9316239316239316,0,roc
4_australian_credit,SVM,3,0.8463497453310697,0,roc
4_australian_credit,SVM,4,0.8955857385398981,0,roc
4_australian_credit,SVM,5,0.9601018675721562,0,roc
4_australian_credit,SVM,6,0.8692699490662139,0,roc
4_australian_credit,SVM,7,0.9219015280135824,0,roc
4_australian_credit,SVM,8,0.8904923599320883,0,roc
4_australian_credit,SVM,9,0.9575551782682513,0,roc
4_australian_credit,MLP,0,0.9717948717948719,0,roc
4_australian_credit,MLP,1,0.9504273504273505,0,roc
4_australian_credit,MLP,2,0.9692307692307692,0,roc
4_australian_credit,MLP,3,0.8752122241086587,0,roc
4_australian_credit,MLP,4,0.8981324278438031,0,roc
4_australian_credit,MLP,5,0.9592529711375213,0,roc
4_australian_credit,MLP,6,0.8786078098471987,0,roc
4_australian_credit,MLP,7,0.9405772495755519,0,roc
4_australian_credit,MLP,8,0.9269949066213922,0,roc
4_australian_credit,MLP,9,0.9702886247877759,0,roc
4_australian_credit,XGBoost,0,0.9743589743589745,0,roc
4_australian_credit,XGBoost,1,0.941025641025641,0,roc
4_australian_credit,XGBoost,2,0.9564102564102563,0,roc
4_australian_credit,XGBoost,3,0.8760611205432938,0,roc
4_australian_credit,XGBoost,4,0.9040747028862478,0,roc
4_australian_credit,XGBoost,5,0.9634974533106961,0,roc
4_australian_credit,XGBoost,6,0.8777589134125636,0,roc
4_australian_credit,XGBoost,7,0.9363327674023769,0,roc
4_australian_credit,XGBoost,8,0.9431239388794568,0,roc
4_australian_credit,XGBoost,9,0.9660441426146011,0,roc
4_australian_credit,TabPFN,0,0.9807692307692308,0,roc
4_australian_credit,TabPFN,1,0.9487179487179487,0,roc
4_australian_credit,TabPFN,2,0.9726495726495726,0,roc
4_australian_credit,TabPFN,3,0.8696943972835314,0,roc
4_australian_credit,TabPFN,4,0.9185059422750425,0,roc
4_australian_credit,TabPFN,5,0.9787775891341256,0,roc
4_australian_credit,TabPFN,6,0.8913412563667232,0,roc
4_australian_credit,TabPFN,7,0.9533106960950765,0,roc
4_australian_credit,TabPFN,8,0.9431239388794567,0,roc
4_australian_credit,TabPFN,9,0.9702886247877759,0,roc
4_australian_credit,LightGBM,0,0.9717948717948719,0,roc
4_australian_credit,LightGBM,1,0.9376068376068376,0,roc
4_australian_credit,LightGBM,2,0.9606837606837606,0,roc
4_australian_credit,LightGBM,3,0.8752122241086588,0,roc
4_australian_credit,LightGBM,4,0.9049235993208828,0,roc
4_australian_credit,LightGBM,5,0.9550084889643464,0,roc
4_australian_credit,LightGBM,6,0.8752122241086587,0,roc
4_australian_credit,LightGBM,7,0.9312393887945671,0,roc
4_australian_credit,LightGBM,8,0.9414261460101869,0,roc
4_australian_credit,LightGBM,9,0.9617996604414263,0,roc
4_australian_credit,CatBoost,0,0.9777777777777777,0,roc
4_australian_credit,CatBoost,1,0.9384615384615385,0,roc
4_australian_credit,CatBoost,2,0.9717948717948718,0,roc
4_australian_credit,CatBoost,3,0.8811544991511036,0,roc
4_australian_credit,CatBoost,4,0.9032258064516128,0,roc
4_australian_credit,CatBoost,5,0.9711375212224109,0,roc
4_australian_credit,CatBoost,6,0.8828522920203735,0,roc
4_australian_credit,CatBoost,7,0.9533106960950763,0,roc
4_australian_credit,CatBoost,8,0.9507640067911716,0,roc
4_australian_credit,CatBoost,9,0.969439728353141,0,roc
5_default_credit_card,LogReg,0,0.7500703911401018,0,roc
5_default_credit_card,LogReg,1,0.6862725544944743,0,roc
5_default_credit_card,LogReg,2,0.7427027851427767,0,roc
5_default_credit_card,LogReg,3,0.7397463572584998,0,roc
5_default_credit_card,LogReg,4,0.7333290316525494,0,roc
5_default_credit_card,LogReg,5,0.728307796991952,0,roc
5_default_credit_card,LogReg,6,0.7084868251249443,0,roc
5_default_credit_card,LogReg,7,0.7199723128182265,0,roc
5_default_credit_card,LogReg,8,0.7164915604043522,0,roc
5_default_credit_card,LogReg,9,0.6859546653102508,0,roc
5_default_credit_card,KNN,0,0.6735229592435299,0,roc
5_default_credit_card,KNN,1,0.6505197212510851,0,roc
5_default_credit_card,KNN,2,0.6466012811187498,0,roc
5_default_credit_card,KNN,3,0.7090822168516389,0,roc
5_default_credit_card,KNN,4,0.7146284520988291,0,roc
5_default_credit_card,KNN,5,0.7019932424505503,0,roc
5_default_credit_card,KNN,6,0.6663665266665102,0,roc
5_default_credit_card,KNN,7,0.6842458762523758,0,roc
5_default_credit_card,KNN,8,0.7030034085793299,0,roc
5_default_credit_card,KNN,9,0.6816866328732043,0,roc
5_default_credit_card,RandomForest,0,0.7673250193575636,0,roc
5_default_credit_card,RandomForest,1,0.7244832117130857,0,roc
5_default_credit_card,RandomForest,2,0.7730941598817429,0,roc
5_default_credit_card,RandomForest,3,0.7741148314132196,0,roc
5_default_credit_card,RandomForest,4,0.7853158215819237,0,roc
5_default_credit_card,RandomForest,5,0.746263403646261,0,roc
5_default_credit_card,RandomForest,6,0.746363124428072,0,roc
5_default_credit_card,RandomForest,7,0.7321587789483563,0,roc
5_default_credit_card,RandomForest,8,0.7573477394044633,0,roc
5_default_credit_card,RandomForest,9,0.7369342664538496,0,roc
5_default_credit_card,SVM,0,0.6978225673995166,0,roc
5_default_credit_card,SVM,1,0.6901909946268097,0,roc
5_default_credit_card,SVM,2,0.7505455313357893,0,roc
5_default_credit_card,SVM,3,0.7202480114502922,0,roc
5_default_credit_card,SVM,4,0.7416351861845656,0,roc
5_default_credit_card,SVM,5,0.6821194772284662,0,roc
5_default_credit_card,SVM,6,0.7203125366620521,0,roc
5_default_credit_card,SVM,7,0.6971919801027711,0,roc
5_default_credit_card,SVM,8,0.7038804015458462,0,roc
5_default_credit_card,SVM,9,0.6701921783920627,0,roc
5_default_credit_card,MLP,0,0.7632628639808536,0,roc
5_default_credit_card,MLP,1,0.7072784438865295,0,roc
5_default_credit_card,MLP,2,0.7723961144090663,0,roc
5_default_credit_card,MLP,3,0.7723022595555972,0,roc
5_default_credit_card,MLP,4,0.7746896923907178,0,roc
5_default_credit_card,MLP,5,0.7257443863065768,0,roc
5_default_credit_card,MLP,6,0.7496304465144654,0,roc
5_default_credit_card,MLP,7,0.7239728759473475,0,roc
5_default_credit_card,MLP,8,0.7539274668350493,0,roc
5_default_credit_card,MLP,9,0.7436023363092629,0,roc
5_default_credit_card,XGBoost,0,0.7642571388347921,0,roc
5_default_credit_card,XGBoost,1,0.7006499448602737,0,roc
5_default_credit_card,XGBoost,2,0.771205330955677,0,roc
5_default_credit_card,XGBoost,3,0.7743318707618667,0,roc
5_default_credit_card,XGBoost,4,0.7658321405945705,0,roc
5_default_credit_card,XGBoost,5,0.7344259602524696,0,roc
5_default_credit_card,XGBoost,6,0.734930430089866,0,roc
5_default_credit_card,XGBoost,7,0.7307802857880289,0,roc
5_default_credit_card,XGBoost,8,0.7515361993463479,0,roc
5_default_credit_card,XGBoost,9,0.7568215436245534,0,roc
5_default_credit_card,TabPFN,0,0.7832011544146977,0,roc
5_default_credit_card,TabPFN,1,0.7424182876181985,0,roc
5_default_credit_card,TabPFN,2,0.811867946221169,0,roc
5_default_credit_card,TabPFN,3,0.7932788193059434,0,roc
5_default_credit_card,TabPFN,4,0.7846001783242217,0,roc
5_default_credit_card,TabPFN,5,0.7650901006593304,0,roc
5_default_credit_card,TabPFN,6,0.7689000211173421,0,roc
5_default_credit_card,TabPFN,7,0.7580245899716089,0,roc
5_default_credit_card,TabPFN,8,0.7775916603815504,0,roc
5_default_credit_card,TabPFN,9,0.7841603377007582,0,roc
5_default_credit_card,LightGBM,0,0.7937187639315799,0,roc
5_default_credit_card,LightGBM,1,0.7404414697670052,0,roc
5_default_credit_card,LightGBM,2,0.7935398531171542,0,roc
5_default_credit_card,LightGBM,3,0.7819517116778901,0,roc
5_default_credit_card,LightGBM,4,0.7936366409347945,0,roc
5_default_credit_card,LightGBM,5,0.7512846383068584,0,roc
5_default_credit_card,LightGBM,6,0.7598019662591802,0,roc
5_default_credit_card,LightGBM,7,0.750618855440062,0,roc
5_default_credit_card,LightGBM,8,0.7677488759873479,0,roc
5_default_credit_card,LightGBM,9,0.7542607241623255,0,roc
5_default_credit_card,CatBoost,0,0.7935955794364016,0,roc
5_default_credit_card,CatBoost,1,0.7341033341936696,0,roc
5_default_credit_card,CatBoost,2,0.807650343743401,0,roc
5_default_credit_card,CatBoost,3,0.7878587015181022,0,roc
5_default_credit_card,CatBoost,4,0.7817346723292429,0,roc
5_default_credit_card,CatBoost,5,0.7559539172669466,0,roc
5_default_credit_card,CatBoost,6,0.7690759989675966,0,roc
5_default_credit_card,CatBoost,7,0.7469027898355194,0,roc
5_default_credit_card,CatBoost,8,0.7765304988920656,0,roc
5_default_credit_card,CatBoost,9,0.7741684645022481,0,roc
6_loan_modelling,LogReg,0,0.9666758849557523,0,roc
6_loan_modelling,LogReg,1,0.9626198377581121,0,roc
6_loan_modelling,LogReg,2,0.947686209439528,0,roc
6_loan_modelling,LogReg,3,0.9820243362831859,0,roc
6_loan_modelling,LogReg,4,0.9778300147492625,0,roc
6_loan_modelling,LogReg,5,0.9320151179941003,0,roc
6_loan_modelling,LogReg,6,0.9526640855457228,0,roc
6_loan_modelling,LogReg,7,0.9626198377581121,0,roc
6_loan_modelling,LogReg,8,0.9534015486725664,0,roc
6_loan_modelling,LogReg,9,0.9371773598820058,0,roc
6_loan_modelling,KNN,0,0.9159752949852507,0,roc
6_loan_modelling,KNN,1,0.9159522492625369,0,roc
6_loan_modelling,KNN,2,0.8992441002949854,0,roc
6_loan_modelling,KNN,3,0.9619284660766961,0,roc
6_loan_modelling,KNN,4,0.9767238200589969,0,roc
6_loan_modelling,KNN,5,0.9265071902654867,0,roc
6_loan_modelling,KNN,6,0.8986679572271388,0,roc
6_loan_modelling,KNN,7,0.9545768805309734,0,roc
6_loan_modelling,KNN,8,0.8988984144542773,0,roc
6_loan_modelling,KNN,9,0.8990366887905605,0,roc
6_loan_modelling,RandomForest,0,0.9996773598820059,0,roc
6_loan_modelling,RandomForest,1,0.9963818215339233,0,roc
6_loan_modelling,RandomForest,2,0.9967275073746312,0,roc
6_loan_modelling,RandomForest,3,1.0,0,roc
6_loan_modelling,RandomForest,4,0.9959439528023598,0,roc
6_loan_modelling,RandomForest,5,0.9954369469026549,0,roc
6_loan_modelling,RandomForest,6,0.9936393805309734,0,roc
6_loan_modelling,RandomForest,7,0.9989629424778761,0,roc
6_loan_modelling,RandomForest,8,0.9968657817109144,0,roc
6_loan_modelling,RandomForest,9,0.9909660766961652,0,roc
6_loan_modelling,SVM,0,0.9907356194690266,0,roc
6_loan_modelling,SVM,1,0.9917957227138643,0,roc
6_loan_modelling,SVM,2,0.9834531710914455,0,roc
6_loan_modelling,SVM,3,0.9990320796460177,0,roc
6_loan_modelling,SVM,4,0.9950682153392331,0,roc
6_loan_modelling,SVM,5,0.9766777286135694,0,roc
6_loan_modelling,SVM,6,0.9857116519174042,0,roc
6_loan_modelling,SVM,7,0.9883849557522124,0,roc
6_loan_modelling,SVM,8,0.9911504424778761,0,roc
6_loan_modelling,SVM,9,0.9528484513274336,0,roc
6_loan_modelling,MLP,0,0.9895833333333333,0,roc
6_loan_modelling,MLP,1,0.9923488200589972,0,roc
6_loan_modelling,MLP,2,0.984882005899705,0,roc
6_loan_modelling,MLP,3,0.9997234513274337,0,roc
6_loan_modelling,MLP,4,0.9948838495575221,0,roc
6_loan_modelling,MLP,5,0.9882005899705015,0,roc
6_loan_modelling,MLP,6,0.991150442477876,0,roc
6_loan_modelling,MLP,7,0.992348820058997,0,roc
6_loan_modelling,MLP,8,0.9932245575221239,0,roc
6_loan_modelling,MLP,9,0.9770464601769911,0,roc
6_loan_modelling,XGBoost,0,0.9997234513274336,0,roc
6_loan_modelling,XGBoost,1,0.9975571533923303,0,roc
6_loan_modelling,XGBoost,2,0.9964048672566371,0,roc
6_loan_modelling,XGBoost,3,0.9998156342182891,0,roc
6_loan_modelling,XGBoost,4,0.9987555309734513,0,roc
6_loan_modelling,XGBoost,5,0.9948377581120944,0,roc
6_loan_modelling,XGBoost,6,0.9968196902654867,0,roc
6_loan_modelling,XGBoost,7,0.9988016224188789,0,roc
6_loan_modelling,XGBoost,8,0.9970962389380531,0,roc
6_loan_modelling,XGBoost,9,0.9887997787610621,0,roc
6_loan_modelling,TabPFN,0,0.9999078171091444,0,roc
6_loan_modelling,TabPFN,1,0.9988477138643067,0,roc
6_loan_modelling,TabPFN,2,0.9990320796460176,0,roc
6_loan_modelling,TabPFN,3,1.0,0,roc
6_loan_modelling,TabPFN,4,0.9999078171091446,0,roc
6_loan_modelling,TabPFN,5,0.9973266961651917,0,roc
6_loan_modelling,TabPFN,6,0.9986633480825958,0,roc
6_loan_modelling,TabPFN,7,0.9995390855457227,0,roc
6_loan_modelling,TabPFN,8,0.9999539085545722,0,roc
6_loan_modelling,TabPFN,9,0.9964048672566372,0,roc
6_loan_modelling,LightGBM,0,0.9997695427728613,0,roc
6_loan_modelling,LightGBM,1,0.99797197640118,0,roc
6_loan_modelling,LightGBM,2,0.9971884218289085,0,roc
6_loan_modelling,LightGBM,3,0.9999539085545724,0,roc
6_loan_modelling,LightGBM,4,0.9984328908554572,0,roc
6_loan_modelling,LightGBM,5,0.9955291297935104,0,roc
6_loan_modelling,LightGBM,6,0.9973727876106193,0,roc
6_loan_modelling,LightGBM,7,0.9989859882005899,0,roc
6_loan_modelling,LightGBM,8,0.9984328908554572,0,roc
6_loan_modelling,LightGBM,9,0.9930401917404129,0,roc
6_loan_modelling,CatBoost,0,0.9994008112094396,0,roc
6_loan_modelling,CatBoost,1,0.9991703539823008,0,roc
6_loan_modelling,CatBoost,2,0.9978337020648967,0,roc
6_loan_modelling,CatBoost,3,1.0,0,roc
6_loan_modelling,CatBoost,4,0.9989398967551623,0,roc
6_loan_modelling,CatBoost,5,0.9973727876106195,0,roc
6_loan_modelling,CatBoost,6,0.9982946165191741,0,roc
6_loan_modelling,CatBoost,7,0.9991703539823009,0,roc
6_loan_modelling,CatBoost,8,0.9975571533923303,0,roc
6_loan_modelling,CatBoost,9,0.9952064896755163,0,roc
7_credit_risk,LogReg,0,0.8874528778629058,0,roc
7_credit_risk,LogReg,1,0.8155774603709361,0,roc
7_credit_risk,LogReg,2,0.8420355601507907,0,roc
7_credit_risk,LogReg,3,0.8348561504190893,0,roc
7_credit_risk,LogReg,4,0.868464617011019,0,roc
7_credit_risk,LogReg,5,0.8411700811459175,0,roc
7_credit_risk,LogReg,6,0.8635679807619702,0,roc
7_credit_risk,LogReg,7,0.8184933695014492,0,roc
7_credit_risk,LogReg,8,0.8546053357651937,0,roc
7_credit_risk,LogReg,9,0.8617209754741888,0,roc
7_credit_risk,KNN,0,0.8848912923518375,0,roc
7_credit_risk,KNN,1,0.8063853763091096,0,roc
7_credit_risk,KNN,2,0.8368949633768784,0,roc
7_credit_risk,KNN,3,0.8725712858462236,0,roc
7_credit_risk,KNN,4,0.8709855424346099,0,roc
7_credit_risk,KNN,5,0.8386956243937289,0,roc
7_credit_risk,KNN,6,0.8650433610790025,0,roc
7_credit_risk,KNN,7,0.8341939718516024,0,roc
7_credit_risk,KNN,8,0.8656503580991991,0,roc
7_credit_risk,KNN,9,0.817692049375854,0,roc
7_credit_risk,RandomForest,0,0.9415336984996429,0,roc
7_credit_risk,RandomForest,1,0.893929448939643,0,roc
7_credit_risk,RandomForest,2,0.8953874035048996,0,roc
7_credit_risk,RandomForest,3,0.9113929565111322,0,roc
7_credit_risk,RandomForest,4,0.9374734983358407,0,roc
7_credit_risk,RandomForest,5,0.8940775678297389,0,roc
7_credit_risk,RandomForest,6,0.93111309893761,0,roc
7_credit_risk,RandomForest,7,0.9054159236519729,0,roc
7_credit_risk,RandomForest,8,0.9226064277789718,0,roc
7_credit_risk,RandomForest,9,0.9128164153871094,0,roc
7_credit_risk,SVM,0,0.8964445657793088,0,roc
7_credit_risk,SVM,1,0.8375629505282907,0,roc
7_credit_risk,SVM,2,0.8492846728895962,0,roc
7_credit_risk,SVM,3,0.8605881772082784,0,roc
7_credit_risk,SVM,4,0.8698296342334703,0,roc
7_credit_risk,SVM,5,0.8697483140585156,0,roc
7_credit_risk,SVM,6,0.8807584848889689,0,roc
7_credit_risk,SVM,7,0.8653047473556422,0,roc
7_credit_risk,SVM,8,0.8693300960158924,0,roc
7_credit_risk,SVM,9,0.8493509576414461,0,roc
7_credit_risk,MLP,0,0.9229026655591632,0,roc
7_credit_risk,MLP,1,0.8802618509633536,0,roc
7_credit_risk,MLP,2,0.8814642278358958,0,roc
7_credit_risk,MLP,3,0.8858090486120389,0,roc
7_credit_risk,MLP,4,0.9065398846415234,0,roc
7_credit_risk,MLP,5,0.889706608425932,0,roc
7_credit_risk,MLP,6,0.9175413425960887,0,roc
7_credit_risk,MLP,7,0.8912052230786656,0,roc
7_credit_risk,MLP,8,0.8977108370750294,0,roc
7_credit_risk,MLP,9,0.8999687348016396,0,roc
7_credit_risk,XGBoost,0,0.9424253161321802,0,roc
7_credit_risk,XGBoost,1,0.9173787022461793,0,roc
7_credit_risk,XGBoost,2,0.9162518369646665,0,roc
7_credit_risk,XGBoost,3,0.9332303277783909,0,roc
7_credit_risk,XGBoost,4,0.9336950144924169,0,roc
7_credit_risk,XGBoost,5,0.9198763933340691,0,roc
7_credit_risk,XGBoost,6,0.9558373364157552,0,roc
7_credit_risk,XGBoost,7,0.9203991658873484,0,roc
7_credit_risk,XGBoost,8,0.9419025435789009,0,roc
7_credit_risk,XGBoost,9,0.9291727460107922,0,roc
7_credit_risk,TabPFN,0,0.9451408291172695,0,roc
7_credit_risk,TabPFN,1,0.9046927549532698,0,roc
7_credit_risk,TabPFN,2,0.9175529597639391,0,roc
7_credit_risk,TabPFN,3,0.9220952723935432,0,roc
7_credit_risk,TabPFN,4,0.9368926399433082,0,roc
7_credit_risk,TabPFN,5,0.9229200913109392,0,roc
7_credit_risk,TabPFN,6,0.939320628024094,0,roc
7_credit_risk,TabPFN,7,0.9200709808955675,0,roc
7_credit_risk,TabPFN,8,0.9371656433877984,0,roc
7_credit_risk,TabPFN,9,0.9294911878459436,0,roc
7_credit_risk,LightGBM,0,0.9561219570280962,0,roc
7_credit_risk,LightGBM,1,0.9231321046242138,0,roc
7_credit_risk,LightGBM,2,0.9166468206715885,0,roc
7_credit_risk,LightGBM,3,0.9404387804297191,0,roc
7_credit_risk,LightGBM,4,0.9427738311676997,0,roc
7_credit_risk,LightGBM,5,0.918552036199095,0,roc
7_credit_risk,LightGBM,6,0.943819376274258,0,roc
7_credit_risk,LightGBM,7,0.9246742836563874,0,roc
7_credit_risk,LightGBM,8,0.9433140294727549,0,roc
7_credit_risk,LightGBM,9,0.9379675305125178,0,roc
7_credit_risk,CatBoost,0,0.9544316591058265,0,roc
7_credit_risk,CatBoost,1,0.9126272805952638,0,roc
7_credit_risk,CatBoost,2,0.9104606787911176,0,roc
7_credit_risk,CatBoost,3,0.9290365301843063,0,roc
7_credit_risk,CatBoost,4,0.9373776567010728,0,roc
7_credit_risk,CatBoost,5,0.9137599544607021,0,roc
7_credit_risk,CatBoost,6,0.9475368699864661,0,roc
7_credit_risk,CatBoost,7,0.9216480114312932,0,roc
7_credit_risk,CatBoost,8,0.9379236635900534,0,roc
7_credit_risk,CatBoost,9,0.9275168484680052,0,roc
8_hmeq,LogReg,0,0.8338530380705742,0,roc
8_hmeq,LogReg,1,0.7650758416574177,0,roc
8_hmeq,LogReg,2,0.8080087380864295,0,roc
8_hmeq,LogReg,3,0.7636136215492486,0,roc
8_hmeq,LogReg,4,0.7734792030019553,0,roc
8_hmeq,LogReg,5,0.8526857283794022,0,roc
8_hmeq,LogReg,6,0.8163063967725455,0,roc
8_hmeq,LogReg,7,0.77013195215193,0,roc
8_hmeq,LogReg,8,0.8096999806211793,0,roc
8_hmeq,LogReg,9,0.769963123182753,0,roc
8_hmeq,KNN,0,0.9458185790039286,0,roc
8_hmeq,KNN,1,0.9054049292673045,0,roc
8_hmeq,KNN,2,0.9178866515159523,0,roc
8_hmeq,KNN,3,0.9356975494600356,0,roc
8_hmeq,KNN,4,0.9121170480770926,0,roc
8_hmeq,KNN,5,0.9172083927910787,0,roc
8_hmeq,KNN,6,0.9419956661910047,0,roc
8_hmeq,KNN,7,0.9169177104804186,0,roc
8_hmeq,KNN,8,0.9611190388104928,0,roc
8_hmeq,KNN,9,0.8930660946032197,0,roc
8_hmeq,RandomForest,0,0.9692933777284499,0,roc
8_hmeq,RandomForest,1,0.9565562073886158,0,roc
8_hmeq,RandomForest,2,0.9699716364533235,0,roc
8_hmeq,RandomForest,3,0.9703856385321424,0,roc
8_hmeq,RandomForest,4,0.9480295262759192,0,roc
8_hmeq,RandomForest,5,0.9804890509662985,0,roc
8_hmeq,RandomForest,6,0.9798460264608988,0,roc
8_hmeq,RandomForest,7,0.9554287123654494,0,roc
8_hmeq,RandomForest,8,0.972164966615577,0,roc
8_hmeq,RandomForest,9,0.9565367704418127,0,roc
8_hmeq,SVM,0,0.906893575040079,0,roc
8_hmeq,SVM,1,0.8571252400331203,0,roc
8_hmeq,SVM,2,0.8952134312844635,0,roc
8_hmeq,SVM,3,0.8537075207441467,0,roc
8_hmeq,SVM,4,0.8213448901573207,0,roc
8_hmeq,SVM,5,0.9073604284481088,0,roc
8_hmeq,SVM,6,0.8791290100946039,0,roc
8_hmeq,SVM,7,0.813047231471205,0,roc
8_hmeq,SVM,8,0.9103817627680002,0,roc
8_hmeq,SVM,9,0.8523597617190269,0,roc
8_hmeq,MLP,0,0.9436076317319381,0,roc
8_hmeq,MLP,1,0.9103112943290526,0,roc
8_hmeq,MLP,2,0.9158430667864631,0,roc
8_hmeq,MLP,3,0.92646618395786,0,roc
8_hmeq,MLP,4,0.8935221887497138,0,roc
8_hmeq,MLP,5,0.9560100769867695,0,roc
8_hmeq,MLP,6,0.9335482620721245,0,roc
8_hmeq,MLP,7,0.921868118316509,0,roc
8_hmeq,MLP,8,0.9416873667706076,0,roc
8_hmeq,MLP,9,0.8965321608396568,0,roc
8_hmeq,XGBoost,0,0.9755650687948136,0,roc
8_hmeq,XGBoost,1,0.9572432746683579,0,roc
8_hmeq,XGBoost,2,0.9747370646371756,0,roc
8_hmeq,XGBoost,3,0.9748075330761236,0,roc
8_hmeq,XGBoost,4,0.9374240262142592,0,roc
8_hmeq,XGBoost,5,0.982699998238289,0,roc
8_hmeq,XGBoost,6,0.9755650687948135,0,roc
8_hmeq,XGBoost,7,0.9674964325352783,0,roc
8_hmeq,XGBoost,8,0.9744728079911209,0,roc
8_hmeq,XGBoost,9,0.9478760371604852,0,roc
8_hmeq,TabPFN,0,0.9974807533076123,0,roc
8_hmeq,TabPFN,1,0.9929179218857355,0,roc
8_hmeq,TabPFN,2,0.9980709264838011,0,roc
8_hmeq,TabPFN,3,0.9958247449923365,0,roc
8_hmeq,TabPFN,4,0.9922308546059934,0,roc
8_hmeq,TabPFN,5,0.9993657840494689,0,roc
8_hmeq,TabPFN,6,0.996661557704843,0,roc
8_hmeq,TabPFN,7,0.9949879322798302,0,roc
8_hmeq,TabPFN,8,0.9979740323802477,0,roc
8_hmeq,TabPFN,9,0.9942202680660945,0,roc
8_hmeq,LightGBM,0,0.9672497929989606,0,roc
8_hmeq,LightGBM,1,0.9492979581769815,0,roc
8_hmeq,LightGBM,2,0.9734862498458503,0,roc
8_hmeq,LightGBM,3,0.9683068195831792,0,roc
8_hmeq,LightGBM,4,0.9280341067244507,0,roc
8_hmeq,LightGBM,5,0.9800221975582686,0,roc
8_hmeq,LightGBM,6,0.9692581435089759,0,roc
8_hmeq,LightGBM,7,0.9601853319944329,0,roc
8_hmeq,LightGBM,8,0.9746313619787538,0,roc
8_hmeq,LightGBM,9,0.9460676547762569,0,roc
8_hmeq,CatBoost,0,0.9721297323961031,0,roc
8_hmeq,CatBoost,1,0.9539664922572803,0,roc
8_hmeq,CatBoost,2,0.975970262318764,0,roc
8_hmeq,CatBoost,3,0.9741380829061184,0,roc
8_hmeq,CatBoost,4,0.944400401670102,0,roc
8_hmeq,CatBoost,5,0.9823476560435496,0,roc
8_hmeq,CatBoost,6,0.9750717897221782,0,roc
8_hmeq,CatBoost,7,0.9621232140655005,0,roc
8_hmeq,CatBoost,8,0.9747194475274387,0,roc
8_hmeq,CatBoost,9,0.9495248563931635,0,roc
9_loan_approval,LogReg,0,0.9745248213701956,0,roc
9_loan_approval,LogReg,1,0.9682435903423154,0,roc
9_loan_approval,LogReg,2,0.9593704758791388,0,roc
9_loan_approval,LogReg,3,0.9591836734693878,0,roc
9_loan_approval,LogReg,4,0.9706019707654229,0,roc
9_loan_approval,LogReg,5,0.9703918180544528,0,roc
9_loan_approval,LogReg,6,0.9754018169112509,0,roc
9_loan_approval,LogReg,7,0.9701141392965292,0,roc
9_loan_approval,LogReg,8,0.9702073142324714,0,roc
9_loan_approval,LogReg,9,0.9641157857728817,0,roc
9_loan_approval,KNN,0,0.9473450707514126,0,roc
9_loan_approval,KNN,1,0.9650562742259375,0,roc
9_loan_approval,KNN,2,0.9403049549339186,0,roc
9_loan_approval,KNN,3,0.9506958389763227,0,roc
9_loan_approval,KNN,4,0.9614369775370102,0,roc
9_loan_approval,KNN,5,0.9580628590108811,0,roc
9_loan_approval,KNN,6,0.9688446307943164,0,roc
9_loan_approval,KNN,7,0.953424178895877,0,roc
9_loan_approval,KNN,8,0.95980666200792,0,roc
9_loan_approval,KNN,9,0.9627094808390952,0,roc
9_loan_approval,RandomForest,0,0.9989842618969785,0,roc
9_loan_approval,RandomForest,1,0.9952598888525662,0,roc
9_loan_approval,RandomForest,2,0.9968360341848408,0,roc
9_loan_approval,RandomForest,3,0.9971862887031242,0,roc
9_loan_approval,RandomForest,4,0.9992411152103863,0,roc
9_loan_approval,RandomForest,5,0.9970812123476394,0,roc
9_loan_approval,RandomForest,6,0.9998602375960866,0,roc
9_loan_approval,RandomForest,7,0.9990216631726065,0,roc
9_loan_approval,RandomForest,8,0.9999068250640578,0,roc
9_loan_approval,RandomForest,9,0.9910465252548928,0,roc
9_loan_approval,SVM,0,0.9851959090272265,0,roc
9_loan_approval,SVM,1,0.9826507261943679,0,roc
9_loan_approval,SVM,2,0.9744314201653201,0,roc
9_loan_approval,SVM,3,0.9773969084201187,0,roc
9_loan_approval,SVM,4,0.989188810535656,0,roc
9_loan_approval,SVM,5,0.9845654508943166,0,roc
9_loan_approval,SVM,6,0.9894013510365711,0,roc
9_loan_approval,SVM,7,0.9853948287910552,0,roc
9_loan_approval,SVM,8,0.9873282087118566,0,roc
9_loan_approval,SVM,9,0.9778272588772999,0,roc
9_loan_approval,MLP,0,0.9936487180684632,0,roc
9_loan_approval,MLP,1,0.9921776490916733,0,roc
9_loan_approval,MLP,2,0.9870639331247373,0,roc
9_loan_approval,MLP,3,0.9937654695745575,0,roc
9_loan_approval,MLP,4,0.9963106524074161,0,roc
9_loan_approval,MLP,5,0.9939055713818709,0,roc
9_loan_approval,MLP,6,0.9954111344048451,0,roc
9_loan_approval,MLP,7,0.989098532494759,0,roc
9_loan_approval,MLP,8,0.9972979268576753,0,roc
9_loan_approval,MLP,9,0.9857494433376304,0,roc
9_loan_approval,XGBoost,0,0.998972586746369,0,roc
9_loan_approval,XGBoost,1,0.9981553262037081,0,roc
9_loan_approval,XGBoost,2,0.9976649698781114,0,roc
9_loan_approval,XGBoost,3,0.9988558352402747,0,roc
9_loan_approval,XGBoost,4,0.9993461915658712,0,roc
9_loan_approval,XGBoost,5,0.9979218231915192,0,roc
9_loan_approval,XGBoost,6,0.9999534125320289,0,roc
9_loan_approval,XGBoost,7,0.9987654320987654,0,roc
9_loan_approval,XGBoost,8,0.9998835313300722,0,roc
9_loan_approval,XGBoost,9,0.9962498535099028,0,roc
9_loan_approval,TabPFN,0,0.9995096436744034,0,roc
9_loan_approval,TabPFN,1,0.9990192873488069,0,roc
9_loan_approval,TabPFN,2,0.9982020268061459,0,roc
9_loan_approval,TabPFN,3,0.9987390837341802,0,roc
9_loan_approval,TabPFN,4,0.9998832484939055,0,roc
9_loan_approval,TabPFN,5,0.9986690328305234,0,roc
9_loan_approval,TabPFN,6,1.0,0,roc
9_loan_approval,TabPFN,7,0.9996505939902166,0,roc
9_loan_approval,TabPFN,8,1.0,0,roc
9_loan_approval,TabPFN,9,0.996320168756592,0,roc
9_loan_approval,LightGBM,0,0.9992994909634334,0,roc
9_loan_approval,LightGBM,1,0.9981319759024891,0,roc
9_loan_approval,LightGBM,2,0.998365478914678,0,roc
9_loan_approval,LightGBM,3,0.9992060897585578,0,roc
9_loan_approval,LightGBM,4,0.9994395927707467,0,roc
9_loan_approval,LightGBM,5,0.9983421286134591,0,roc
9_loan_approval,LightGBM,6,1.0,0,roc
9_loan_approval,LightGBM,7,0.9988586070347077,0,roc
9_loan_approval,LightGBM,8,0.9997670626601445,0,roc
9_loan_approval,LightGBM,9,0.9932497363178249,0,roc
9_loan_approval,CatBoost,0,0.9986223322280858,0,roc
9_loan_approval,CatBoost,1,0.9978984728903002,0,roc
9_loan_approval,CatBoost,2,0.9985522813244291,0,roc
9_loan_approval,CatBoost,3,0.9992527903609957,0,roc
9_loan_approval,CatBoost,4,0.9994629430719656,0,roc
9_loan_approval,CatBoost,5,0.9974781674683604,0,roc
9_loan_approval,CatBoost,6,0.9997437689261589,0,roc
9_loan_approval,CatBoost,7,0.9989284882366644,0,roc
9_loan_approval,CatBoost,8,0.9998602375960867,0,roc
9_loan_approval,CatBoost,9,0.9948904254072426,0,roc
