customer,duration,profit,acq_exp,ret_exp,acq_exp_sq,ret_exp_sq,freq,freq_sq,crossbuy,sow,industry,revenue,employees,acquisition
1,1635,6134.3,693.54,971.56,480997.73,943928.83,6,36,5,95,1,47.2,898,1
2,1039,3523.62,460.03,449.53,211627.6,202077.22,11,121,6,22,0,45.11,686,1
3,1288,4080.62,249.03,805.04,62015.94,648089.4,21,441,6,90,0,29.1,1423,1
4,0,-638.47,638.47,0,407643.94,0,0,0,0,0,0,40.64,181,0
5,1631,5446.32,588.98,919.84,346897.44,846105.63,2,4,9,80,0,48.72,631,1
6,942,3488.07,568.65,365.11,323362.82,133305.31,7,49,4,48,1,35.43,617,1
7,799,2704.89,373.15,341.42,139240.92,116567.62,15,225,5,51,0,50.96,911,1
8,1081,3577.98,366.49,509.22,134314.92,259305.01,13,169,5,23,1,39.53,645,1
9,0,-284.96,284.96,0,81202.2,0,0,0,0,0,0,29.33,530,0
10,0,-292.54,292.54,0,85579.65,0,0,0,0,0,1,42.13,511,0
11,1009,3836.94,568.16,422.27,322805.79,178311.95,10,100,4,107,0,43.26,926,1
12,958,3006.55,224.15,439.24,50243.22,192931.78,16,256,8,84,1,39.03,876,1
13,793,3131.75,578.58,282.34,334754.82,79715.88,4,16,6,40,0,38.37,453,1
14,872,3251.43,444.77,394.66,197820.35,155756.52,14,196,5,33,1,24.87,858,1
15,0,-610.43,610.43,0,372624.78,0,0,0,0,0,1,44.95,397,0
16,0,-397.93,397.93,0,158348.28,0,0,0,0,0,0,53.83,165,0
17,0,-615.95,615.95,0,379394.4,0,0,0,0,0,0,33.74,579,0
18,1168,3927.91,447.08,527.3,199880.53,278045.29,11,121,7,63,1,41.31,730,1
19,1102,3973.78,620.44,465.65,384945.79,216829.92,8,64,6,75,0,43.45,730,1
20,1288,4576.12,588.24,603.96,346026.3,364767.68,9,81,6,71,1,58.28,667,1
21,0,-400.6,400.6,0,160480.36,0,0,0,0,0,0,36.7,420,0
22,0,-616.1,616.1,0,379579.21,0,0,0,0,0,0,33.12,514,0
23,1292,4298.36,502.34,611.36,252345.48,373761.05,11,121,4,67,1,45.14,711,1
24,1091,3810.68,508.64,463.15,258714.65,214507.92,8,64,9,91,0,44.1,604,1
25,989,3875.28,628.75,418.14,395326.56,174841.06,9,81,3,52,0,59.67,961,1
26,0,-440.27,440.27,0,193837.67,0,0,0,0,0,1,45.85,411,0
27,0,-651.14,651.14,0,423983.3,0,0,0,0,0,1,41.68,356,0
28,1207,4041.08,517.46,554.41,267764.85,307370.45,10,100,4,49,0,39.65,738,1
29,0,-557.48,557.48,0,310783.95,0,0,0,0,0,0,22.4,832,0
30,0,-509.36,509.36,0,259447.61,0,0,0,0,0,0,33.14,526,0
31,654,2586.22,380.37,229.87,144681.34,52840.22,8,64,5,74,1,37.78,760,1
32,1457,4888.39,738.56,693.01,545470.87,480262.86,2,4,8,66,0,34.13,1014,1
33,1064,4229.2,739.21,485.15,546431.42,235370.52,14,196,5,66,1,43.45,858,1
34,0,-788.61,788.61,0,621905.73,0,0,0,0,0,0,20.47,865,0
35,947,3330.04,479.28,425.78,229709.32,181288.61,15,225,6,53,0,50.26,441,1
36,1024,3379,467.2,410.99,218275.84,168912.78,10,100,4,85,1,33.44,369,1
37,1147,3897.52,443.89,514.03,197038.33,264226.84,8,64,8,43,1,42.22,1054,1
38,788,2659.08,334.2,281.56,111689.64,79276.03,4,16,6,70,1,42.05,429,1
39,0,-261.69,261.69,0,68481.66,0,0,0,0,0,1,28.97,462,0
40,1285,4064.91,429.65,595.33,184599.12,354417.81,2,4,7,45,0,42.54,896,1
41,661,1838.88,184.45,235.84,34021.8,55620.51,9,81,5,37,0,38.35,801,1
42,1106,4105.52,669.01,488.16,447574.38,238300.19,9,81,3,57,0,49.42,806,1
43,880,3557.66,603.12,392.54,363753.73,154087.65,16,256,4,65,0,61.24,1011,1
44,726,3685.21,824.33,277.19,679519.95,76834.3,15,225,11,83,1,51.24,1013,1
45,1252,3605.86,296.66,588.64,88007.16,346497.05,10,100,7,23,0,39.91,618,1
46,1077,3062.56,274.8,446.66,75515.04,199505.16,2,4,6,78,0,43.9,568,1
47,1089,4042.64,553.11,525.14,305930.67,275772.02,14,196,7,29,1,34.86,1123,1
48,0,-482.53,482.53,0,232835.2,0,0,0,0,0,1,26.88,616,0
49,0,-388.58,388.58,0,150994.42,0,0,0,0,0,0,42.05,351,0
50,0,-382.56,382.56,0,146352.15,0,0,0,0,0,0,32.44,256,0
51,0,-642.6,642.6,0,412934.76,0,0,0,0,0,0,45.08,659,0
52,864,3578.5,664.59,332.02,441679.87,110237.28,4,16,4,56,0,52.2,979,1
53,0,-423.92,423.92,0,179708.17,0,0,0,0,0,1,48.57,242,0
54,1369,4563.46,588.45,667.38,346273.4,445396.06,11,121,6,39,0,45.99,589,1
55,1415,4678.68,424.8,697.48,180455.04,486478.35,6,36,8,65,0,65.03,1047,1
56,1269,4294.2,451.92,637.87,204231.69,406878.14,13,169,4,54,0,38.11,971,1
57,0,-970.31,970.31,0,941501.5,0,0,0,0,0,1,37.95,589,0
58,0,-837.83,837.83,0,701959.11,0,0,0,0,0,1,39.53,607,0
59,1080,3042.87,234.41,453.83,54948.05,205961.67,9,81,3,90,1,64.48,354,1
60,0,-561.95,561.95,0,315787.8,0,0,0,0,0,0,42.25,326,0
61,910,3200.75,430.03,358.23,184925.8,128328.73,7,49,5,65,1,47.92,923,1
62,0,-381.91,381.91,0,145855.25,0,0,0,0,0,0,41.78,402,0
63,923,3740.33,658.43,441.71,433530.06,195107.72,18,324,5,55,0,40.24,812,1
64,0,-774.67,774.67,0,600113.61,0,0,0,0,0,1,38.86,143,0
65,1617,5655.11,537.09,996.86,288465.67,993729.86,11,121,5,34,1,38.86,1118,1
66,0,-334.98,334.98,0,112211.6,0,0,0,0,0,0,43.08,628,0
67,0,-220.68,220.68,0,48699.66,0,0,0,0,0,0,26.08,531,0
68,0,-823.37,823.37,0,677938.16,0,0,0,0,0,1,37.98,309,0
69,0,-851.77,851.77,0,725512.13,0,0,0,0,0,0,25.94,494,0
70,0,-182.69,182.69,0,33375.64,0,0,0,0,0,0,50.55,871,0
71,1537,5159.79,396.54,881.68,157243.97,777359.62,12,144,8,104,1,46.64,478,1
72,0,-120.86,120.86,0,14607.14,0,0,0,0,0,1,31.32,326,0
73,900,3009.88,328.23,395.15,107734.93,156143.52,14,196,3,74,0,49.11,1354,1
74,1006,3138.76,340.23,423.78,115756.45,179589.49,12,144,8,74,0,30.65,736,1
75,0,-460.29,460.29,0,211866.88,0,0,0,0,0,0,34.77,624,0
76,945,3195.96,508.56,356.3,258633.27,126949.69,1,1,3,66,0,30.58,737,1
77,994,3846.39,707.6,406.67,500697.76,165380.49,13,169,7,98,0,41.45,588,1
78,1156,3924.84,546.89,514.02,299088.67,264216.56,10,100,3,48,0,52.61,655,1
79,1242,3638.53,319.88,595.91,102323.21,355108.73,14,196,10,58,0,43.52,577,1
80,1114,3211.49,279.66,470.42,78209.72,221294.98,10,100,8,44,1,25.26,762,1
81,0,-327.8,327.8,0,107452.84,0,0,0,0,0,0,39.71,531,0
82,0,-683.71,683.71,0,467459.36,0,0,0,0,0,0,50.14,310,0
83,1223,3605.86,243.04,567.23,59068.44,321749.87,9,81,5,65,1,43.59,761,1
84,1490,4799.97,627.45,758.95,393693.5,576005.1,7,49,6,65,0,26.02,562,1
85,1035,3550.79,451.07,441.58,203464.14,194992.9,5,25,1,75,1,54.77,934,1
86,0,-728.58,728.58,0,530828.82,0,0,0,0,0,0,30.1,547,0
87,0,-325.19,325.19,0,105748.54,0,0,0,0,0,0,33.14,531,0
88,1030,3785.88,488.28,425.03,238417.36,180650.5,9,81,9,80,1,48.27,612,1
89,0,-266.62,266.62,0,71086.22,0,0,0,0,0,1,21.67,711,0
90,1208,4477.88,595.3,600.1,354382.09,360120.01,13,169,7,37,1,55.49,623,1
91,0,-626.25,626.25,0,392189.06,0,0,0,0,0,1,48.37,434,0
92,0,-809.96,809.96,0,656035.2,0,0,0,0,0,1,34.22,377,0
93,0,-165.98,165.98,0,27549.36,0,0,0,0,0,0,27.9,685,0
94,1033,3522.9,440.16,426.51,193740.83,181910.78,4,16,6,28,1,48.09,935,1
95,1057,3029.35,216.81,454.54,47006.58,206606.61,8,64,4,64,1,34.27,810,1
96,1069,3454.41,444.04,475.46,197171.52,226062.21,14,196,5,38,1,30.08,556,1
97,1020,3664.5,565.51,417.38,319801.56,174206.06,11,121,5,63,1,43.28,620,1
98,1281,4423.68,719.64,578.75,517881.73,334951.56,11,121,8,82,0,32.35,829,1
99,0,-391.02,391.02,0,152896.64,0,0,0,0,0,0,44.32,578,0
100,1580,5652.77,652.89,866.15,426265.35,750215.82,9,81,8,80,1,28.63,1042,1
101,1430,4956.69,832.2,682.37,692556.84,465628.82,9,81,5,64,1,43.85,585,1
102,1345,3975.11,280.41,659.68,78629.77,435177.7,7,49,3,55,1,42.83,1112,1
103,975,3593.92,537.58,392.12,288992.26,153758.09,8,64,3,76,1,41.32,593,1
104,0,-448.23,448.23,0,200910.13,0,0,0,0,0,0,55.38,396,0
105,1337,4335.16,497.3,645.56,247307.29,416747.71,2,4,6,44,0,55.11,671,1
106,0,-416.17,416.17,0,173197.47,0,0,0,0,0,0,28.56,489,0
107,0,-167.99,167.99,0,28220.64,0,0,0,0,0,0,48.78,495,0
108,1190,4303.67,710.95,534.58,505449.9,285775.78,12,144,7,47,0,35.77,998,1
109,1649,5444.28,455.87,1094.96,207817.46,1198937.4,11,121,8,41,0,36.55,513,1
110,1571,5081.3,396.04,925.11,156847.68,855828.51,11,121,7,37,1,41.28,744,1
111,917,3679.12,587.71,362.69,345403.04,131544.04,1,1,5,72,1,54.87,830,1
112,1038,3424.62,433.1,438.9,187575.61,192633.21,5,25,5,5,1,27.1,667,1
113,1066,3708.51,492,440.75,242064,194260.56,7,49,8,39,0,40.25,814,1
114,1049,3718.4,472.35,435.92,223114.52,190026.25,4,16,3,80,1,60.71,505,1
115,1524,5318.89,864.1,782.61,746668.81,612478.41,10,100,7,74,1,63.17,677,1
116,1121,4353.54,720.21,486.72,518702.44,236896.36,4,16,3,57,1,46.12,818,1
117,1109,4002.32,478.51,502.16,228971.82,252164.67,9,81,7,72,0,38.75,1117,1
118,1242,4152.24,491.32,536.85,241395.34,288207.92,6,36,8,68,1,46.04,620,1
119,0,-121.18,121.18,0,14684.59,0,0,0,0,0,0,40.57,512,0
120,0,-754.02,754.02,0,568546.16,0,0,0,0,0,0,34.3,609,0
121,1077,4112.32,695.24,440.44,483358.66,193987.39,9,81,8,49,1,19.15,1105,1
122,0,-768.8,768.8,0,591053.44,0,0,0,0,0,1,44.61,500,0
123,0,-343.87,343.87,0,118246.58,0,0,0,0,0,0,51.88,600,0
124,806,3098.96,417.38,369.04,174206.06,136190.52,16,256,7,71,1,42.6,632,1
125,1164,3816.4,504.7,500.2,254722.09,250200.04,7,49,4,54,0,35.62,653,1
126,1006,3581.72,485.44,421.93,235651.99,178024.92,10,100,7,99,0,47.32,764,1
127,1088,4134.45,579.53,482.93,335855.02,233221.38,11,121,9,55,1,53.26,488,1
128,1246,4174.12,584.75,558.02,341932.56,311386.32,9,81,5,78,0,27.7,843,1
129,0,-463.6,463.6,0,214924.96,0,0,0,0,0,1,32.43,440,0
130,1073,3528.98,450.21,448.42,202689.04,201080.5,6,36,7,46,0,55.3,538,1
131,1268,4449.03,676.58,550.58,457760.5,303138.34,4,16,7,92,0,34.69,937,1
132,950,3461.42,521.44,383.3,271899.67,146918.89,8,64,8,51,1,38.48,523,1
133,1386,4662.24,701.9,657.69,492663.61,432556.14,6,36,2,72,1,31.4,448,1
134,0,-409.29,409.29,0,167518.3,0,0,0,0,0,0,26.52,440,0
135,0,-748.57,748.57,0,560357.04,0,0,0,0,0,0,52.96,694,0
136,861,3025.64,414.37,306.72,171702.5,94077.16,7,49,11,66,0,49.51,774,1
137,1020,3173.13,333.96,477.17,111529.28,227691.21,14,196,5,47,1,41.55,447,1
138,986,4023.97,727.27,425.71,528921.65,181229,14,196,9,80,1,50.16,657,1
139,0,-868.21,868.21,0,753788.6,0,0,0,0,0,0,42.7,398,0
140,1222,4335.83,504.25,543.99,254268.06,295925.12,8,64,9,94,1,30.24,818,1
141,0,-388.71,388.71,0,151095.46,0,0,0,0,0,0,37.23,851,0
142,0,-613.33,613.33,0,376173.69,0,0,0,0,0,0,31.16,871,0
143,1273,3814.44,344.62,610.82,118762.94,373101.07,5,25,4,7,1,54.6,414,1
144,854,3251.59,473.22,335.25,223937.17,112392.56,5,25,5,31,1,45.36,982,1
145,887,3645.39,571.39,352.09,326486.53,123967.37,11,121,11,54,1,33.82,1016,1
146,689,2517.84,386.08,234.06,149057.77,54784.08,7,49,6,63,0,50.41,559,1
147,0,-407.88,407.88,0,166366.09,0,0,0,0,0,0,33.23,423,0
148,905,3475.39,515.48,383.92,265719.63,147394.57,11,121,4,63,1,39.67,972,1
149,0,-684.62,684.62,0,468704.54,0,0,0,0,0,0,47.66,734,0
150,0,-383.14,383.14,0,146796.26,0,0,0,0,0,0,14.49,576,0
151,996,3836.25,771.33,395.14,594949.97,156135.62,12,144,6,80,0,46.77,542,1
152,860,3257.06,481.93,323.86,232256.52,104885.3,5,25,8,67,1,43.04,478,1
153,1270,4562.1,527,694.04,277729,481691.52,15,225,3,36,0,46.51,883,1
154,833,3262.6,569.93,326,324820.2,106276,11,121,3,100,0,51.99,636,1
155,0,-238.33,238.33,0,56801.19,0,0,0,0,0,0,33.72,770,0
156,950,3651.27,605.85,364.97,367054.22,133203.1,5,25,7,46,1,33.53,896,1
157,0,-462.49,462.49,0,213897,0,0,0,0,0,0,39.45,518,0
158,883,3157.96,434.43,360.14,188729.42,129700.82,7,49,4,76,1,50.14,476,1
159,873,3518.92,502.71,463.32,252717.34,214665.42,21,441,7,79,1,22.87,1016,1
160,1205,3930.34,435.33,548.65,189512.21,301016.82,9,81,4,56,1,32.31,582,1
161,0,-891.97,891.97,0,795610.48,0,0,0,0,0,1,28.44,366,0
162,0,-264.71,264.71,0,70071.38,0,0,0,0,0,1,34.32,363,0
163,1358,3954.44,405.96,653.97,164803.52,427676.76,7,49,6,52,1,41.98,56,1
164,0,-705.68,705.68,0,497984.26,0,0,0,0,0,1,36.43,585,0
165,683,2032.95,171.6,263.35,29446.56,69353.22,11,121,3,67,1,25.03,1142,1
166,1410,4746.71,666.24,656.55,443875.74,431057.9,4,16,9,38,1,30.38,721,1
167,1118,3206.43,293.58,470.67,86189.22,221530.25,3,9,9,40,1,23.22,555,1
168,1004,3898.85,620.68,484.81,385243.66,235040.74,18,324,8,56,0,29.67,862,1
169,1354,4559.35,685.44,634,469827.99,401956,10,100,8,59,0,40.18,703,1
170,977,3500.98,492.6,404.09,242654.76,163288.73,6,36,5,41,1,45.23,658,1
171,0,-410.9,410.9,0,168838.81,0,0,0,0,0,0,52.64,445,0
172,1373,4682.82,510.51,648.18,260620.46,420137.31,9,81,10,80,0,46.44,766,1
173,1382,4703.88,596.18,672.6,355430.59,452390.76,8,64,6,61,1,49.17,475,1
174,0,-396.85,396.85,0,157489.92,0,0,0,0,0,0,29.42,565,0
175,0,-432.58,432.58,0,187125.46,0,0,0,0,0,0,43.86,365,0
176,1656,5263.9,525.1,983.56,275730.01,967390.27,8,64,6,22,0,36.74,652,1
177,990,3416.14,518.14,394,268469.06,155236,5,25,4,50,0,43.87,662,1
178,1075,3856.09,684.61,433.27,468690.85,187722.89,10,100,6,71,0,43.25,455,1
179,870,3254.38,513.66,319.94,263846.6,102361.6,3,9,6,58,0,35.67,874,1
180,969,2765.56,181.76,397.03,33036.7,157632.82,5,25,5,53,1,47.61,923,1
181,1259,4237.41,476.53,612.28,227080.84,374886.8,11,121,5,78,1,33.53,463,1
182,1070,3718.4,427.9,439.52,183098.41,193177.83,5,25,8,94,1,44.89,810,1
183,0,-185.05,185.05,0,34243.5,0,0,0,0,0,1,47.49,529,0
184,1149,3631.69,378.68,489.6,143398.54,239708.16,1,1,8,67,1,41.21,560,1
185,0,-492,492,0,242064,0,0,0,0,0,1,33.66,365,0
186,0,-619.04,619.04,0,383210.52,0,0,0,0,0,0,31.58,400,0
187,0,-570.76,570.76,0,325766.98,0,0,0,0,0,0,42.56,634,0
188,0,-470.59,470.59,0,221454.95,0,0,0,0,0,1,50.77,469,0
189,0,-233.77,233.77,0,54648.41,0,0,0,0,0,0,35.36,600,0
190,1214,4528.88,684.56,531.31,468622.39,282290.32,9,81,4,84,1,41.55,1337,1
191,0,-754.34,754.34,0,569028.84,0,0,0,0,0,0,39.88,688,0
192,1038,3596.6,460.91,447.21,212438.03,199996.78,9,81,5,38,1,37.02,693,1
193,1100,3314.93,325.63,523.8,106034.9,274366.44,16,256,7,54,0,29.62,785,1
194,1002,3958.79,565.61,453.39,319914.67,205562.49,13,169,8,69,1,46.05,925,1
195,1007,3212.36,376.18,419.24,141511.39,175762.18,12,144,8,63,0,33.86,635,1
196,0,-516.33,516.33,0,266596.67,0,0,0,0,0,0,32.54,177,0
197,1375,4639.2,456.33,664.93,208237.07,442131.9,9,81,6,116,0,44.13,1097,1
198,1054,3797.01,611.83,482.88,374335.95,233173.09,13,169,3,53,1,48.81,325,1
199,0,-229.49,229.49,0,52665.66,0,0,0,0,0,0,27.11,558,0
200,1472,5559.1,623.77,965.4,389089.01,931997.16,18,324,7,69,1,52.53,675,1
201,0,-666.21,666.21,0,443835.76,0,0,0,0,0,0,33.34,417,0
202,1061,3732.68,529.16,461.65,280010.31,213120.72,13,169,6,60,1,32.56,631,1
203,0,-597.75,597.75,0,357305.06,0,0,0,0,0,0,43.19,624,0
204,1197,3773.75,365.04,540.64,133254.2,292291.61,11,121,4,115,0,46.69,830,1
205,0,-902.47,902.47,0,814452.1,0,0,0,0,0,1,40.5,484,0
206,0,-440,440,0,193600,0,0,0,0,0,1,22.06,213,0
207,913,2719.45,323.44,362.23,104613.43,131210.57,5,25,3,1,0,47.2,590,1
208,1329,4402.36,687.16,597.08,472188.87,356504.53,4,16,4,76,0,33.94,425,1
209,1157,3795,511.23,502.92,261356.11,252928.53,7,49,4,25,1,50.74,503,1
210,1176,4119.04,485.01,555.34,235234.7,308402.52,11,121,7,54,1,36.36,784,1
211,1006,3392.04,427.17,424.83,182474.21,180480.53,10,100,3,46,0,55.94,1180,1
212,981,3046.48,288.6,421.17,83289.96,177384.17,10,100,4,18,1,47.83,705,1
213,1235,4310.66,494.84,583.05,244866.63,339947.3,10,100,6,62,1,37.78,729,1
214,0,-539.88,539.88,0,291470.41,0,0,0,0,0,0,54.41,593,0
215,0,-838.33,838.33,0,702797.19,0,0,0,0,0,1,37.11,779,0
216,953,3152.44,395.86,399.76,156705.14,159808.06,12,144,4,61,1,15.86,715,1
217,0,-633.95,633.95,0,401892.6,0,0,0,0,0,0,47.44,674,0
218,882,2782.26,334.82,342.79,112104.43,117504.98,1,1,5,31,0,39.07,896,1
219,1230,4203.64,519.82,570.27,270212.83,325207.87,5,25,4,57,1,42.27,1165,1
220,1071,3438.5,308.18,533.87,94974.91,285017.18,16,256,6,51,0,40.32,931,1
221,1340,3174.9,167.09,619.56,27919.07,383854.59,8,64,4,56,1,43.31,381,1
222,944,3168.83,467.59,396.44,218640.41,157164.67,9,81,1,30,0,41.4,626,1
223,1146,2814.55,151.04,502.95,22813.08,252958.7,9,81,5,62,1,32.24,732,1
224,1092,3935.37,659.86,458.81,435415.22,210506.62,11,121,5,66,1,47.63,348,1
225,859,3087.25,456.53,330.55,208419.64,109263.3,9,81,8,55,1,51.85,486,1
226,0,-812.99,812.99,0,660952.74,0,0,0,0,0,0,38.04,712,0
227,946,3776.15,673.9,400.12,454141.21,160096.01,13,169,7,76,0,37.24,1123,1
228,1041,3840.43,518.43,445.2,268769.66,198203.04,11,121,7,87,1,55.54,512,1
229,0,-202.01,202.01,0,40808.04,0,0,0,0,0,0,47.6,347,0
230,1232,4071.29,418.49,549.64,175133.88,302104.13,5,25,8,70,1,49.17,564,1
231,1014,3501.18,428.94,439.02,183989.52,192738.56,8,64,1,48,1,43.33,795,1
232,0,-458.09,458.09,0,209846.45,0,0,0,0,0,0,50.48,348,0
233,1498,5195.72,739.32,828.04,546594.06,685650.24,11,121,3,66,0,36.85,970,1
234,877,3645.77,641.4,399.28,411393.96,159424.52,16,256,7,43,1,42.29,684,1
235,1175,3464.67,316.47,522.82,100153.26,273340.75,4,16,5,38,0,27.98,997,1
236,1025,3432.62,543.81,423.82,295729.32,179623.39,10,100,5,44,1,31.07,245,1
237,1499,4357.45,301.76,791.52,91059.1,626503.91,1,1,5,48,0,34.6,981,1
238,0,-540.82,540.82,0,292486.27,0,0,0,0,0,0,30.12,304,0
239,0,-344.59,344.59,0,118742.27,0,0,0,0,0,0,32.27,480,0
240,0,-439.02,439.02,0,192738.56,0,0,0,0,0,0,44.76,674,0
241,1016,3964.82,644.35,415.31,415186.92,172482.4,10,100,4,91,1,48.11,799,1
242,982,3331.69,436.5,385.14,190532.25,148332.82,6,36,6,55,1,19.4,894,1
243,990,3531.38,597.58,392.24,357101.86,153852.22,12,144,6,68,0,45.79,503,1
244,1085,3684.68,458.96,460.89,210644.28,212419.59,5,25,6,40,1,48.04,934,1
245,1342,3805.36,278.34,628.03,77473.16,394421.68,6,36,5,50,1,39.78,937,1
246,984,2614.36,195.54,425,38235.89,180625,15,225,6,67,1,23.44,573,1
247,1252,4320.96,686.77,530.52,471653.03,281451.47,6,36,9,58,0,41.74,594,1
248,963,3914.33,820.69,365.55,673532.08,133626.8,5,25,5,77,1,45.46,881,1
249,778,3124.63,497.72,318.52,247725.2,101454.99,12,144,5,24,1,52.69,602,1
250,1172,4045.35,645.52,543.03,416696.07,294881.58,14,196,7,51,0,43.98,606,1
251,978,3849.98,566.34,434.91,320741,189146.71,12,144,7,70,1,34.2,803,1
252,0,-322.81,322.81,0,104206.3,0,0,0,0,0,0,26.73,986,0
253,1042,3911.29,542.3,483.71,294089.29,233975.36,14,196,4,59,1,50.98,907,1
254,1216,4219.09,571.42,534.21,326520.82,285380.32,4,16,6,67,1,39.56,937,1
255,1080,3253.63,302.14,446.24,91288.58,199130.14,1,1,5,60,1,59.7,508,1
256,678,2762.13,522.26,237.12,272755.51,56225.89,11,121,8,42,0,25.86,891,1
257,850,3261.63,522.75,346.39,273267.56,119986.03,11,121,2,42,0,41.41,1129,1
258,0,-1016.18,1016.18,0,1032621.79,0,0,0,0,0,0,31.3,397,0
259,998,3849.28,600.19,418.92,360228.04,175493.97,7,49,8,37,1,37.87,774,1
260,0,-687.87,687.87,0,473165.14,0,0,0,0,0,1,46.47,277,0
261,0,-505.65,505.65,0,255681.92,0,0,0,0,0,1,27.47,18,0
262,809,3304.82,579.93,299.08,336318.8,89448.85,9,81,3,72,1,54.37,572,1
263,1526,4548.04,302.43,790.93,91463.9,625570.26,10,100,7,62,1,20.15,849,1
264,1150,4336.06,619.67,562.43,383990.91,316327.5,14,196,6,55,1,51.71,661,1
265,0,-320.36,320.36,0,102630.53,0,0,0,0,0,1,21.3,427,0
266,788,3248.78,657.21,276.97,431924.98,76712.38,6,36,5,78,0,53.78,731,1
267,0,-256.52,256.52,0,65802.51,0,0,0,0,0,1,36.04,589,0
268,1108,4155.78,558.87,475.79,312335.68,226376.12,5,25,10,68,1,33.18,800,1
269,1449,5248.46,579.14,845.87,335403.14,715496.06,16,256,10,56,0,40.76,1080,1
270,1602,4879.96,249.9,906.24,62450.01,821270.94,6,36,8,33,1,49.32,1118,1
271,1143,3752.26,393.86,496.35,155125.7,246363.32,7,49,6,57,1,25.51,919,1
272,0,-43.15,43.15,0,1861.92,0,0,0,0,0,1,36.14,1172,0
273,946,3263,484.72,355.55,234953.48,126415.8,6,36,6,49,1,47.94,348,1
274,888,3218.62,485.37,365.2,235584.04,133371.04,11,121,5,9,1,45.48,579,1
275,1071,3862.95,520.81,477.62,271243.06,228120.86,12,144,7,62,0,38.91,933,1
276,973,3542.99,410.55,445.49,168551.3,198461.34,16,256,11,83,1,48.63,609,1
277,0,-674.66,674.66,0,455166.12,0,0,0,0,0,1,44.42,258,0
278,0,-269.82,269.82,0,72802.83,0,0,0,0,0,0,46.89,569,0
279,952,3052.25,310.14,436.26,96186.82,190322.79,14,196,4,27,1,23.17,1203,1
280,0,-508.14,508.14,0,258206.26,0,0,0,0,0,0,32.71,507,0
281,931,3359.85,473.06,359.47,223785.76,129218.68,7,49,5,54,1,45.4,837,1
282,0,-171.56,171.56,0,29432.83,0,0,0,0,0,0,43.8,475,0
283,0,-384.47,384.47,0,147817.18,0,0,0,0,0,0,36.65,534,0
284,1377,4599.76,488.97,671.47,239091.66,450871.96,8,64,4,75,0,58.32,1045,1
285,1016,3333.46,366.65,410.67,134432.22,168649.85,5,25,10,40,1,44.47,711,1
286,0,-552.92,552.92,0,305720.53,0,0,0,0,0,0,17.74,427,0
287,1460,4455.39,414.88,733.3,172125.41,537728.89,5,25,7,35,0,65.1,422,1
288,1023,3814.86,484.53,514.96,234769.32,265183.8,18,324,4,70,0,50.75,1259,1
289,1218,3222.85,276.69,527.09,76557.36,277823.87,8,64,5,56,0,45.82,521,1
290,0,-540.1,540.1,0,291708.01,0,0,0,0,0,0,41.99,767,0
291,881,3393.07,618.23,356.42,382208.33,127035.22,12,144,7,29,1,34.11,386,1
292,1497,4815.68,536.27,746.99,287585.51,557994.06,1,1,6,73,1,34.19,598,1
293,1045,3508.03,408.3,446.27,166708.89,199156.91,9,81,6,36,0,41.61,769,1
294,1026,3643.51,549.98,422.9,302478,178844.41,5,25,7,33,0,46.64,641,1
295,0,-521.42,521.42,0,271878.82,0,0,0,0,0,1,35.81,386,0
296,0,-522.48,522.48,0,272985.35,0,0,0,0,0,0,47.59,577,0
297,655,2959,532.88,231.41,283961.09,53550.59,8,64,3,80,1,45.41,817,1
298,731,3373.24,805.32,252,648540.3,63504,3,9,6,39,1,46.69,739,1
299,883,2850.39,382.1,332.35,146000.41,110456.52,9,81,6,47,0,52.41,584,1
300,1115,3751.74,369.44,528.24,136485.91,279037.5,13,169,8,68,1,35.48,822,1
301,0,-785.55,785.55,0,617088.8,0,0,0,0,0,1,33.52,454,0
302,1142,4296.13,679.82,508.02,462155.23,258084.32,13,169,8,85,1,51.91,428,1
303,850,3017.21,376.39,328.09,141669.43,107643.05,7,49,8,47,0,47.21,804,1
304,1237,4107.24,447.51,605.29,200265.2,366375.98,12,144,8,32,0,42.32,660,1
305,1328,4539.68,542.22,671.19,294002.53,450496.02,14,196,7,62,0,34.26,806,1
306,733,2987.72,500.91,281.13,250910.83,79034.08,3,9,4,40,0,34.75,1126,1
307,1284,4104.59,413.92,598.21,171329.77,357855.2,6,36,5,28,1,43.65,763,1
308,0,-677.25,677.25,0,458667.56,0,0,0,0,0,0,42.41,321,0
309,872,3169.66,492.21,336.43,242270.68,113185.14,9,81,7,100,0,49.12,400,1
310,1099,3642.03,468.61,452.21,219595.33,204493.88,7,49,7,61,0,33.09,654,1
311,1633,5433.94,579.44,1001.8,335750.71,1003603.24,11,121,7,46,0,28.59,682,1
312,0,-606.85,606.85,0,368266.92,0,0,0,0,0,1,29.19,372,0
313,1289,4221.76,429.24,634.04,184246.98,402006.72,12,144,4,81,1,43.76,985,1
314,1103,4018.83,679.68,445.68,461964.9,198630.66,5,25,10,73,1,24.93,645,1
315,1490,4930.86,483.41,766.56,233685.23,587614.23,6,36,6,72,1,23.28,732,1
316,1122,4154.39,613.46,477.83,376333.17,228321.51,2,4,9,58,1,47.63,1174,1
317,1334,4784.63,790.03,650.28,624147.4,422864.08,5,25,6,5,1,45.98,907,1
318,754,3034,500.05,358.91,250050,128816.39,18,324,5,26,1,30.26,734,1
319,988,3298.91,348.14,410.52,121201.46,168526.67,12,144,8,69,0,41.07,991,1
320,0,-463.48,463.48,0,214813.71,0,0,0,0,0,0,25.04,720,0
321,0,-467.44,467.44,0,218500.15,0,0,0,0,0,1,19.94,216,0
322,0,-331.57,331.57,0,109938.66,0,0,0,0,0,0,37.86,610,0
323,1084,3863.06,449.17,555.03,201753.69,308058.3,18,324,7,40,1,41.16,780,1
324,1242,4302.58,719.84,563.77,518169.63,317836.61,12,144,5,12,0,27.91,881,1
325,0,-255.79,255.79,0,65428.52,0,0,0,0,0,0,31.08,540,0
326,1252,4402.96,605.5,578.19,366630.25,334303.68,9,81,7,52,0,44.14,902,1
327,734,2747.8,379.83,350.79,144270.83,123053.62,19,361,8,35,1,49.63,977,1
328,0,-277.63,277.63,0,77078.42,0,0,0,0,0,0,32.59,580,0
329,1268,3284.36,191.44,576.55,36649.27,332409.9,9,81,5,70,0,62.47,538,1
330,1147,3511.53,429.09,466.36,184118.23,217491.65,8,64,7,60,0,55.79,340,1
331,1105,3667.92,387.23,483.1,149947.07,233385.61,2,4,4,62,1,46.47,812,1
332,973,3535,489.87,446.25,239972.62,199139.06,15,225,5,54,0,52.96,661,1
333,902,3282.19,486.15,340.15,236341.82,115702.02,8,64,5,75,1,26.59,814,1
334,0,-357.63,357.63,0,127899.22,0,0,0,0,0,0,31.72,236,0
335,1127,4097.6,626.68,500.55,392727.82,250550.3,10,100,5,75,1,27.87,639,1
336,849,3461.56,551.64,350.7,304306.69,122990.49,11,121,5,49,1,47.75,998,1
337,1660,5569.71,502.64,978.52,252646.97,957501.39,7,49,6,34,0,59.27,769,1
338,832,3348.95,627.99,308.53,394371.44,95190.76,1,1,6,66,1,34.4,852,1
339,0,-503.88,503.88,0,253895.05,0,0,0,0,0,1,42.19,433,0
340,840,3388.2,582.78,316.05,339632.53,99887.6,6,36,8,34,1,59.3,589,1
341,1236,4084.57,504.18,539.03,254197.47,290553.34,7,49,5,70,1,55.99,778,1
342,0,-244,244,0,59536,0,0,0,0,0,1,29.15,223,0
343,0,-852.25,852.25,0,726330.06,0,0,0,0,0,1,44.04,209,0
344,1125,3487.88,359.33,491.75,129118.05,241818.06,12,144,7,42,0,48.77,808,1
345,0,-766.96,766.96,0,588227.64,0,0,0,0,0,1,27.61,556,0
346,1112,4058.59,572.96,499.59,328283.16,249590.17,12,144,9,23,0,38.95,1137,1
347,1366,4914.18,631.15,675.42,398350.32,456192.18,8,64,8,37,1,49.87,938,1
348,1340,4243.5,408.61,666.91,166962.13,444768.95,12,144,8,26,1,21.49,777,1
349,1161,3703.17,363.33,517.37,132008.69,267671.72,4,16,7,66,0,48.13,798,1
350,0,-136.26,136.26,0,18566.79,0,0,0,0,0,1,27.2,470,0
351,0,-1.21,1.21,0,1.46,0,0,0,0,0,1,45.56,489,0
352,1126,4078.81,631.68,546.38,399019.62,298531.1,15,225,7,22,1,28.91,478,1
353,0,-147.12,147.12,0,21644.29,0,0,0,0,0,0,22.5,864,0
354,1050,3733.65,482.33,465.52,232642.23,216708.87,11,121,8,36,0,51.02,892,1
355,1122,3960.12,475.7,492.58,226290.49,242635.06,10,100,6,79,0,47.78,912,1
356,1010,2986.95,290.14,407.59,84181.22,166129.61,7,49,5,34,0,36.55,767,1
357,0,-423.17,423.17,0,179072.85,0,0,0,0,0,0,33.04,666,0
358,982,3007.19,257,401.89,66049,161515.57,10,100,7,52,1,38.39,1076,1
359,1270,4635.88,677.87,593.16,459507.74,351838.79,9,81,7,45,0,45.29,1122,1
360,0,-779.32,779.32,0,607339.66,0,0,0,0,0,0,38.16,747,0
361,1057,3668.31,568.07,466.72,322703.52,217827.56,11,121,4,44,0,29.73,646,1
362,1105,3941.7,528.62,485.68,279439.1,235885.06,11,121,5,66,1,43.96,500,1
363,1151,3898.87,600.25,478.7,360300.06,229153.69,3,9,5,31,0,42.11,750,1
364,0,-604.73,604.73,0,365698.37,0,0,0,0,0,0,26.04,432,0
365,0,-359.87,359.87,0,129506.42,0,0,0,0,0,0,36.5,625,0
366,0,-466.48,466.48,0,217603.59,0,0,0,0,0,0,34.05,176,0
367,905,2816.18,240.2,415.03,57696.04,172249.9,15,225,4,95,1,36.82,519,1
368,996,3486.59,374.31,499.41,140107.98,249410.35,19,361,10,51,1,57.43,584,1
369,1129,3751.04,442.84,464.03,196107.27,215323.84,5,25,7,79,1,29.57,742,1
370,1314,4633.71,581.32,632.9,337932.94,400562.41,9,81,6,53,1,46.72,999,1
371,0,-733.93,733.93,0,538653.24,0,0,0,0,0,0,52.58,731,0
372,1299,4639.64,653.32,623.46,426827.02,388702.37,12,144,6,70,1,47.88,627,1
373,933,3202.57,417.66,367.59,174439.88,135122.41,8,64,5,77,1,29.5,428,1
374,862,3480.22,557.53,334.43,310839.7,111843.42,10,100,6,71,1,38.26,772,1
375,1282,4419.85,529.05,612.74,279893.9,375450.31,7,49,5,30,1,52.2,833,1
376,1276,4332.94,487.37,558.17,237529.52,311553.75,6,36,7,100,1,37.94,699,1
377,0,-735.28,735.28,0,540636.68,0,0,0,0,0,0,55.68,659,0
378,1272,4395.99,488.55,618.46,238681.1,382492.77,12,144,3,82,1,43.49,878,1
379,1060,3467.9,365.62,440.45,133677.98,193996.2,8,64,6,59,1,33.99,856,1
380,0,-686.66,686.66,0,471501.96,0,0,0,0,0,0,25.37,679,0
381,1061,3850.71,560.54,441.26,314205.09,194710.39,10,100,6,56,1,31.33,847,1
382,772,2598.29,321.21,322.88,103175.86,104251.49,12,144,7,36,1,52.25,767,1
383,1177,3952.84,537.52,525.66,288927.75,276318.44,13,169,7,66,0,25.42,474,1
384,924,3582.25,619.29,365.49,383520.1,133582.94,6,36,4,62,1,47.9,537,1
385,700,3165,584.67,262.45,341839.01,68880,13,169,9,58,1,39.97,940,1
386,658,2905.38,497.7,324.03,247705.29,104995.44,19,361,7,44,0,44.67,942,1
387,974,4111.33,718.24,398.29,515868.7,158634.92,9,81,10,58,1,48.04,1101,1
388,0,-500.46,500.46,0,250460.21,0,0,0,0,0,1,36.89,530,0
389,0,-694.26,694.26,0,481996.95,0,0,0,0,0,1,32.17,319,0
390,0,-768.86,768.86,0,591145.7,0,0,0,0,0,1,35.98,359,0
391,1380,4111.61,381.94,661.41,145878.16,437463.19,5,25,6,58,1,51.62,361,1
392,837,3431.05,532.71,354.43,283779.94,125620.62,11,121,7,13,1,36.61,980,1
393,938,3644.81,649.47,413.38,421811.28,170883.02,15,225,6,32,0,52.25,746,1
394,1205,4402.18,559.77,551.31,313342.45,303942.72,8,64,8,58,1,31.05,895,1
395,1050,3454.24,446.8,450.18,199630.24,202662.03,11,121,8,8,0,40.86,658,1
396,1673,5338.39,506.12,1082.37,256157.45,1171524.82,10,100,5,40,0,44.25,431,1
397,935,2426.39,231.12,351.61,53416.45,123629.59,5,25,4,36,0,53.18,631,1
398,0,-513.29,513.29,0,263466.62,0,0,0,0,0,0,49.77,817,0
399,957,3331.01,393.6,391.53,154920.96,153295.74,7,49,6,53,1,23.98,755,1
400,926,3460.56,541.12,357.84,292810.85,128049.47,2,4,9,61,1,52.55,734,1
401,926,3452.54,605.31,347.19,366400.2,120540.9,6,36,7,52,1,60.96,343,1
402,0,-180.88,180.88,0,32717.57,0,0,0,0,0,1,20.3,566,0
403,950,2956.39,331.98,369.11,110210.72,136242.19,1,1,5,50,1,40.63,697,1
404,0,-279.3,279.3,0,78008.49,0,0,0,0,0,0,51.04,423,0
405,0,-188.49,188.49,0,35528.48,0,0,0,0,0,0,32.12,898,0
406,0,-286.15,286.15,0,81881.82,0,0,0,0,0,0,27.8,622,0
407,1250,4232.17,513.25,550.16,263425.56,302676.03,6,36,8,74,1,56.68,902,1
408,1346,4447.41,517.13,631.09,267423.44,398274.59,8,64,8,40,1,33.27,667,1
409,1207,3979.52,556.02,521.72,309158.24,272191.76,5,25,6,53,0,31.61,894,1
410,1207,4274.44,520.46,612.49,270878.61,375144,17,289,4,101,0,46.08,1361,1
411,1050,3833.17,498.75,499.9,248751.56,249900.01,15,225,7,41,0,46.6,969,1
412,0,-761.77,761.77,0,580293.53,0,0,0,0,0,1,52.21,423,0
413,934,3366.61,419.59,369.95,176055.77,136863,8,64,6,64,0,36.54,1253,1
414,0,-674.37,674.37,0,454774.9,0,0,0,0,0,0,44.81,748,0
415,1039,3525.27,469.68,474.64,220599.3,225283.13,13,169,4,54,0,37.23,670,1
416,982,3576.26,536.15,397.9,287456.82,158324.41,10,100,9,30,0,38.54,840,1
417,950,3327.67,465.45,433.69,216643.7,188087.02,16,256,4,50,1,27.59,455,1
418,1160,4001.81,468.28,549.8,219286.16,302280.04,14,196,5,76,0,45.12,838,1
419,867,2930.54,388.19,383.49,150691.48,147064.58,14,196,4,1,1,44.06,606,1
420,1171,3684.81,463.63,474.07,214952.78,224742.36,6,36,6,76,0,53.55,470,1
421,1086,3419.69,381.57,464.38,145595.66,215648.78,6,36,6,25,1,38.51,593,1
422,1479,5335.48,651.71,811.12,424725.92,657915.65,13,169,9,59,1,47.67,673,1
423,0,-186.67,186.67,0,34845.69,0,0,0,0,0,1,40.81,171,0
424,915,3734.15,818.66,303.09,670204.2,91863.55,5,25,6,85,1,43.35,476,1
425,965,3416.67,544.98,371.93,297003.2,138331.92,6,36,5,68,0,37.87,572,1
426,861,3100.47,382.54,325.34,146336.85,105846.12,6,36,6,80,1,35.2,845,1
427,1122,4239.91,518.92,633.35,269277.97,401132.22,20,400,7,70,1,42.37,529,1
428,1002,3510.1,468.32,437.1,219323.62,191056.41,9,81,1,34,1,45.04,799,1
429,1233,4266.21,545.58,571.9,297657.54,327069.61,10,100,3,43,1,34.88,816,1
430,0,-219.88,219.88,0,48347.21,0,0,0,0,0,1,49.6,620,0
431,0,-421.65,421.65,0,177788.72,0,0,0,0,0,0,30.92,361,0
432,1586,5435.51,576.97,896.6,332894.38,803891.56,9,81,5,67,1,34.66,624,1
433,927,3695.78,618.22,379.88,382195.97,144308.81,1,1,7,49,1,46.04,825,1
434,1021,3520.02,439.36,432.64,193037.21,187177.37,11,121,8,69,1,51.86,706,1
435,0,-661.53,661.53,0,437621.94,0,0,0,0,0,1,58.69,211,0
436,0,-307.28,307.28,0,94421,0,0,0,0,0,0,40.7,569,0
437,0,-709.76,709.76,0,503759.26,0,0,0,0,0,0,46.97,561,0
438,1199,3682.69,408.26,544.9,166676.23,296916.01,7,49,2,26,1,33.05,641,1
439,912,3295.78,451.11,396.05,203500.23,156855.6,12,144,1,61,1,43.01,750,1
440,0,-506.13,506.13,0,256167.58,0,0,0,0,0,0,34.83,357,0
441,0,-398.36,398.36,0,158690.69,0,0,0,0,0,0,22.21,409,0
442,1304,4219.75,500.58,618.99,250580.34,383148.62,11,121,7,45,0,50.09,667,1
443,0,-368.47,368.47,0,135770.14,0,0,0,0,0,0,38.65,634,0
444,969,2977.63,266.45,416.32,70995.6,173322.34,9,81,5,48,1,36.24,1151,1
445,1194,3809,364.82,538.17,133093.63,289626.95,9,81,2,79,0,41.49,904,1
446,1137,3956.86,390.63,546.71,152591.8,298891.82,13,169,8,93,1,44.72,934,1
447,1017,3029.64,238.3,459.33,56786.89,210984.05,15,225,9,59,1,43.98,667,1
448,694,2755.16,504.54,238.77,254560.61,57011.11,10,100,5,79,0,41.38,467,1
449,0,-647.94,647.94,0,419826.24,0,0,0,0,0,0,46.46,853,0
450,1073,3381.71,294.78,457.85,86895.25,209626.62,3,9,7,90,1,55.09,822,1
451,1230,4280.32,747.21,563.82,558322.78,317892.99,12,144,4,34,1,39.27,405,1
452,710,2879.04,483.58,297.11,233849.62,88274.35,13,169,5,12,1,44.31,765,1
453,0,-314.97,314.97,0,99206.1,0,0,0,0,0,1,23.79,547,0
454,1098,3977.93,505.63,465.37,255661.7,216569.24,1,1,9,69,1,60,539,1
455,1194,4007.16,428.39,537.74,183517.99,289164.31,10,100,7,54,0,42.85,740,1
456,814,3083.55,452.4,293.97,204665.76,86418.36,6,36,7,72,0,43.67,1124,1
457,1053,3602.97,470.47,454.29,221342.02,206379.4,13,169,3,89,1,50.33,1074,1
458,0,-808.56,808.56,0,653769.27,0,0,0,0,0,0,28.35,465,0
459,1358,4758.47,558.99,675.59,312469.82,456421.85,9,81,4,65,1,50.27,724,1
460,1168,4115.62,546.93,583.93,299132.42,340974.24,15,225,3,54,0,42.2,704,1
461,830,3575.69,813.18,291.08,661261.71,84727.57,3,9,7,76,1,32.99,775,1
462,0,-177.55,177.55,0,31524,0,0,0,0,0,1,41.18,798,0
463,812,3464.27,716.57,297.49,513472.56,88500.3,9,81,5,41,1,38.09,709,1
464,0,-1027.04,1027.04,0,1054811.16,0,0,0,0,0,1,53.42,546,0
465,1122,3393.69,406.57,454.2,165299.16,206297.64,6,36,5,82,1,44.42,104,1
466,1247,3827.27,287.5,583.11,82656.25,340017.27,5,25,6,42,1,59.54,753,1
467,0,-484.55,484.55,0,234788.7,0,0,0,0,0,0,16.29,541,0
468,1277,3670.94,364.05,596.99,132532.4,356397.06,11,121,6,54,0,32.82,666,1
469,1024,3472.79,494.16,418.03,244194.11,174749.08,11,121,3,73,0,43.58,625,1
470,1039,3345.85,302.11,496.01,91270.45,246025.92,15,225,6,62,1,44.31,991,1
471,1149,3832.43,387.23,506.23,149947.07,256268.81,5,25,6,72,1,44.31,1097,1
472,1246,4095.82,579.4,537.06,335704.36,288433.44,4,16,9,66,0,35,588,1
473,687,3195.4,633.79,246.75,401689.76,60885.56,10,100,6,68,1,53.12,969,1
474,0,-554.23,554.23,0,307170.89,0,0,0,0,0,0,50.6,363,0
475,753,3139.05,553.48,310.67,306340.11,96515.85,14,196,4,71,1,41.32,823,1
476,1028,3579.73,593.32,386.09,352028.62,149065.49,6,36,5,68,0,41.74,460,1
477,1153,3771.7,402.4,493.13,161925.76,243177.2,6,36,5,76,1,42.45,745,1
478,0,-754.01,754.01,0,568531.08,0,0,0,0,0,0,35.55,359,0
479,1647,4480.8,344.98,895.13,119011.2,801257.72,1,1,8,71,1,32.59,24,1
480,1026,3897.5,542.62,430.45,294436.46,185287.2,9,81,8,61,1,50.99,1060,1
481,1066,4120.76,640.05,459.14,409664,210809.54,8,64,4,49,1,58.2,518,1
482,1313,4399.41,526.47,621.83,277170.66,386672.55,4,16,3,41,0,50.22,797,1
483,0,-269.27,269.27,0,72506.33,0,0,0,0,0,0,33.24,283,0
484,0,-538.74,538.74,0,290240.79,0,0,0,0,0,1,24.62,496,0
485,0,-415.37,415.37,0,172532.24,0,0,0,0,0,1,32.29,423,0
486,0,-473.49,473.49,0,224192.78,0,0,0,0,0,0,24.06,161,0
487,1326,4523.53,557.43,605.81,310728.2,367005.76,3,9,8,64,1,42.76,683,1
488,0,-543.7,543.7,0,295609.69,0,0,0,0,0,0,34.91,455,0
489,1049,3573.67,392.59,479.21,154126.91,229642.22,16,256,10,66,0,43.22,820,1
490,0,-774.33,774.33,0,599586.95,0,0,0,0,0,0,19.51,441,0
491,0,-268.42,268.42,0,72049.3,0,0,0,0,0,1,49.83,468,0
492,0,-364.59,364.59,0,132925.87,0,0,0,0,0,0,39.76,511,0
493,1068,3440.18,345.52,454.24,119384.07,206333.98,2,4,7,40,1,55.25,629,1
494,1036,4111.34,592.71,573.45,351305.14,328844.9,20,400,6,28,1,49.9,622,1
495,1096,3247.85,270.48,488.26,73159.43,238397.83,11,121,6,67,1,35.81,1461,1
496,1101,3519.55,281.8,506.73,79411.24,256775.29,11,121,8,46,1,43.38,818,1
497,1643,5079.82,482.33,953.49,232642.23,909143.18,10,100,5,61,0,23.1,554,1
498,975,3240.56,350.76,403.23,123032.58,162594.43,8,64,8,63,1,41.35,772,1
499,0,-473.63,473.63,0,224325.38,0,0,0,0,0,0,43.81,509,0
500,764,3552.25,731.41,285.47,534960.59,81493.12,9,81,9,68,1,25.48,1057,1