ds,method,split_number,normalized
12_real_estate,Linear,0,0.0
12_real_estate,Linear,1,0.6195351859266593
12_real_estate,Linear,2,0.04069210086941564
12_real_estate,Linear,3,0.8285272723534144
12_real_estate,Linear,4,0.20073897632982343
12_real_estate,Linear,5,0.10822565962454737
12_real_estate,Linear,6,0.3739676619201351
12_real_estate,Linear,7,0.17372068868123472
12_real_estate,Linear,8,0.4905169649719926
12_real_estate,Linear,9,0.38306350364615116
12_real_estate,Ridge,0,0.005406653028642295
12_real_estate,Ridge,1,0.6174613622533364
12_real_estate,Ridge,2,0.041970389553314176
12_real_estate,Ridge,3,0.8302209014408161
12_real_estate,Ridge,4,0.20111912099010104
12_real_estate,Ridge,5,0.10936407337588513
12_real_estate,Ridge,6,0.37115823188009683
12_real_estate,Ridge,7,0.1748797540099674
12_real_estate,Ridge,8,0.49091262756564713
12_real_estate,Ridge,9,0.3799839423529887
12_real_estate,Lasso,0,0.0402878451213995
12_real_estate,Lasso,1,0.38337593356526734
12_real_estate,Lasso,2,0.010809271710002916
12_real_estate,Lasso,3,0.8046832766491215
12_real_estate,Lasso,4,0.08986916226258015
12_real_estate,Lasso,5,0.3265769869549281
12_real_estate,Lasso,6,0.2168812416892811
12_real_estate,Lasso,7,0.06221624785898383
12_real_estate,Lasso,8,0.3618097603093122
12_real_estate,Lasso,9,0.2460579194252569
12_real_estate,ElasticNet,0,0.0009311370408497328
12_real_estate,ElasticNet,1,0.135307175597661
12_real_estate,ElasticNet,2,0.0
12_real_estate,ElasticNet,3,0.8065459692903975
12_real_estate,ElasticNet,4,0.0
12_real_estate,ElasticNet,5,0.14380381336398515
12_real_estate,ElasticNet,6,0.0
12_real_estate,ElasticNet,7,0.0
12_real_estate,ElasticNet,8,0.3000499893855415
12_real_estate,ElasticNet,9,0.0
12_real_estate,KNN,0,0.8224333776029918
12_real_estate,KNN,1,0.7272989531208902
12_real_estate,KNN,2,0.29233704357050966
12_real_estate,KNN,3,1.0
12_real_estate,KNN,4,0.6997360224268478
12_real_estate,KNN,5,0.0
12_real_estate,KNN,6,0.39094022610358004
12_real_estate,KNN,7,0.510380696872162
12_real_estate,KNN,8,0.49558539504027643
12_real_estate,KNN,9,0.6140217999763888
12_real_estate,RandomForest,0,1.0
12_real_estate,RandomForest,1,0.7727612708788576
12_real_estate,RandomForest,2,0.882716418501494
12_real_estate,RandomForest,3,0.4500029909345786
12_real_estate,RandomForest,4,0.9664944272791826
12_real_estate,RandomForest,5,0.49681945830185376
12_real_estate,RandomForest,6,0.9184042234616285
12_real_estate,RandomForest,7,0.8733641190904216
12_real_estate,RandomForest,8,0.9717817574510057
12_real_estate,RandomForest,9,1.0
12_real_estate,SVR,0,0.014684291520917497
12_real_estate,SVR,1,0.5947605667584256
12_real_estate,SVR,2,0.31909881915442934
12_real_estate,SVR,3,0.8348070090442868
12_real_estate,SVR,4,0.07694615898087535
12_real_estate,SVR,5,0.16714686419590077
12_real_estate,SVR,6,0.23446784315760655
12_real_estate,SVR,7,0.29772111990078537
12_real_estate,SVR,8,0.6078352147134991
12_real_estate,SVR,9,0.30791362287397495
12_real_estate,MLP,0,0.13500076042828923
12_real_estate,MLP,1,0.6503024461920839
12_real_estate,MLP,2,0.4403325067586685
12_real_estate,MLP,3,0.6297624958622837
12_real_estate,MLP,4,0.6192804258038473
12_real_estate,MLP,5,0.5525977061131144
12_real_estate,MLP,6,0.5525867689234669
12_real_estate,MLP,7,0.6289339301013777
12_real_estate,MLP,8,0.7229101163576965
12_real_estate,MLP,9,0.7507686497403285
12_real_estate,XGBoost,0,0.7530759728845773
12_real_estate,XGBoost,1,0.0
12_real_estate,XGBoost,2,1.0
12_real_estate,XGBoost,3,0.0
12_real_estate,XGBoost,4,0.7011404606250232
12_real_estate,XGBoost,5,0.44174386727658327
12_real_estate,XGBoost,6,0.6373937424261474
12_real_estate,XGBoost,7,0.8363773614370903
12_real_estate,XGBoost,8,0.0
12_real_estate,XGBoost,9,0.2293746596282613
12_real_estate,LightGBM,0,0.9866719480810318
12_real_estate,LightGBM,1,1.0
12_real_estate,LightGBM,2,0.7421628957503466
12_real_estate,LightGBM,3,0.5264394423070923
12_real_estate,LightGBM,4,0.8927644363256171
12_real_estate,LightGBM,5,0.8426753057925582
12_real_estate,LightGBM,6,1.0
12_real_estate,LightGBM,7,1.0
12_real_estate,LightGBM,8,0.8339845339144124
12_real_estate,LightGBM,9,0.698497255571582
12_real_estate,CatBoost,0,0.8155438685538677
12_real_estate,CatBoost,1,0.6126038234376671
12_real_estate,CatBoost,2,0.9019215123413676
12_real_estate,CatBoost,3,0.9289635105319497
12_real_estate,CatBoost,4,0.7335347428239065
12_real_estate,CatBoost,5,1.0
12_real_estate,CatBoost,6,0.6561932315746387
12_real_estate,CatBoost,7,0.9290279620558779
12_real_estate,CatBoost,8,0.755446921153236
12_real_estate,CatBoost,9,0.8453346143609453
12_real_estate,TabPFNReg,0,0.9320243544129031
12_real_estate,TabPFNReg,1,0.901393660996014
12_real_estate,TabPFNReg,2,0.8284737781815407
12_real_estate,TabPFNReg,3,0.8748574073517388
12_real_estate,TabPFNReg,4,1.0
12_real_estate,TabPFNReg,5,0.7497485589342484
12_real_estate,TabPFNReg,6,0.5962166676102416
12_real_estate,TabPFNReg,7,0.9589540852209603
12_real_estate,TabPFNReg,8,1.0
12_real_estate,TabPFNReg,9,0.928518822438679
13_boston_housing,Linear,0,0.9807946210262827
13_boston_housing,Linear,1,0.9811654195643857
13_boston_housing,Linear,2,0.9802643751461193
13_boston_housing,Linear,3,0.9804700746328787
13_boston_housing,Linear,4,0.9631834807251389
13_boston_housing,Linear,5,0.9998835576065541
13_boston_housing,Linear,6,0.9764523828304614
13_boston_housing,Linear,7,0.9875674363126177
13_boston_housing,Linear,8,0.9870844349356875
13_boston_housing,Linear,9,0.9858885843817443
13_boston_housing,Ridge,0,0.9807640472312145
13_boston_housing,Ridge,1,0.9811757363243789
13_boston_housing,Ridge,2,0.9802540104175176
13_boston_housing,Ridge,3,0.9804331809649894
13_boston_housing,Ridge,4,0.963233031615311
13_boston_housing,Ridge,5,0.999894158154921
13_boston_housing,Ridge,6,0.9765183729001085
13_boston_housing,Ridge,7,0.9875464890122296
13_boston_housing,Ridge,8,0.9871079705854502
13_boston_housing,Ridge,9,0.98587575322
13_boston_housing,Lasso,0,0.980794530657099
13_boston_housing,Lasso,1,0.9811653487045914
13_boston_housing,Lasso,2,0.9802642113247186
13_boston_housing,Lasso,3,0.9804699046160669
13_boston_housing,Lasso,4,0.9631825100467095
13_boston_housing,Lasso,5,0.9998835629422037
13_boston_housing,Lasso,6,0.9764528068097664
13_boston_housing,Lasso,7,0.9875674372081441
13_boston_housing,Lasso,8,0.9870845982907649
13_boston_housing,Lasso,9,0.985888637121101
13_boston_housing,ElasticNet,0,0.9719782650732275
13_boston_housing,ElasticNet,1,0.9795428188444449
13_boston_housing,ElasticNet,2,0.9760451818502548
13_boston_housing,ElasticNet,3,0.9693523184125289
13_boston_housing,ElasticNet,4,0.967398819050041
13_boston_housing,ElasticNet,5,0.9970311752507918
13_boston_housing,ElasticNet,6,0.9807703409255638
13_boston_housing,ElasticNet,7,0.9802650716460422
13_boston_housing,ElasticNet,8,0.9870648355960906
13_boston_housing,ElasticNet,9,0.9797960044994869
13_boston_housing,KNN,0,0.9924499033883685
13_boston_housing,KNN,1,0.9966536736582393
13_boston_housing,KNN,2,0.997175359396636
13_boston_housing,KNN,3,0.9993731194115157
13_boston_housing,KNN,4,0.9922366036656327
13_boston_housing,KNN,5,0.9952063422607766
13_boston_housing,KNN,6,0.9968501068086807
13_boston_housing,KNN,7,0.9986677459793186
13_boston_housing,KNN,8,0.9929637200371639
13_boston_housing,KNN,9,1.0
13_boston_housing,RandomForest,0,0.9966200124792117
13_boston_housing,RandomForest,1,0.998933680336967
13_boston_housing,RandomForest,2,0.9981888410350925
13_boston_housing,RandomForest,3,0.9928953114640793
13_boston_housing,RandomForest,4,0.992893866198052
13_boston_housing,RandomForest,5,0.9976028078617439
13_boston_housing,RandomForest,6,0.9978616873008905
13_boston_housing,RandomForest,7,0.9960267300275816
13_boston_housing,RandomForest,8,0.9967434888352292
13_boston_housing,RandomForest,9,0.9964315510058019
13_boston_housing,SVR,0,0.8826274439253519
13_boston_housing,SVR,1,0.9242945415072018
13_boston_housing,SVR,2,0.9034564739034452
13_boston_housing,SVR,3,0.8538504707742478
13_boston_housing,SVR,4,0.8955886990760508
13_boston_housing,SVR,5,0.9156772644072206
13_boston_housing,SVR,6,0.8961546524898563
13_boston_housing,SVR,7,0.8925613963077292
13_boston_housing,SVR,8,0.9155786013909819
13_boston_housing,SVR,9,0.8947787400039697
13_boston_housing,MLP,0,0.0
13_boston_housing,MLP,1,0.0
13_boston_housing,MLP,2,0.0
13_boston_housing,MLP,3,0.0
13_boston_housing,MLP,4,0.0
13_boston_housing,MLP,5,0.0
13_boston_housing,MLP,6,0.0
13_boston_housing,MLP,7,0.0
13_boston_housing,MLP,8,0.0
13_boston_housing,MLP,9,0.0
13_boston_housing,XGBoost,0,0.9951823821008138
13_boston_housing,XGBoost,1,0.9848007811094625
13_boston_housing,XGBoost,2,0.9973003338590619
13_boston_housing,XGBoost,3,0.9891422090815631
13_boston_housing,XGBoost,4,0.9914554802898125
13_boston_housing,XGBoost,5,0.9919971511176381
13_boston_housing,XGBoost,6,0.9968760469039856
13_boston_housing,XGBoost,7,0.9899819345089412
13_boston_housing,XGBoost,8,0.9957731947375177
13_boston_housing,XGBoost,9,0.989147789891079
13_boston_housing,LightGBM,0,0.9941759586466532
13_boston_housing,LightGBM,1,0.9969764164877851
13_boston_housing,LightGBM,2,0.9985011604358737
13_boston_housing,LightGBM,3,0.9842802406910494
13_boston_housing,LightGBM,4,0.9968213741583242
13_boston_housing,LightGBM,5,0.9967511726187154
13_boston_housing,LightGBM,6,0.9999530464358412
13_boston_housing,LightGBM,7,0.9930317738714814
13_boston_housing,LightGBM,8,0.995616937136444
13_boston_housing,LightGBM,9,0.9965134778717715
13_boston_housing,CatBoost,0,1.0
13_boston_housing,CatBoost,1,0.9950377793241558
13_boston_housing,CatBoost,2,0.9991022538027654
13_boston_housing,CatBoost,3,0.9985538348859081
13_boston_housing,CatBoost,4,0.9950473675095373
13_boston_housing,CatBoost,5,0.9965360021740167
13_boston_housing,CatBoost,6,1.0
13_boston_housing,CatBoost,7,0.9963624348201942
13_boston_housing,CatBoost,8,0.9963352236977665
13_boston_housing,CatBoost,9,0.9963430178851528
13_boston_housing,TabPFNReg,0,0.9975023752709042
13_boston_housing,TabPFNReg,1,1.0
13_boston_housing,TabPFNReg,2,1.0
13_boston_housing,TabPFNReg,3,1.0
13_boston_housing,TabPFNReg,4,1.0
13_boston_housing,TabPFNReg,5,1.0
13_boston_housing,TabPFNReg,6,0.9994787813072593
13_boston_housing,TabPFNReg,7,1.0
13_boston_housing,TabPFNReg,8,1.0
13_boston_housing,TabPFNReg,9,0.9991340746352562
14_house_prices,Linear,0,1.0
14_house_prices,Linear,1,0.9999995964763858
14_house_prices,Linear,2,1.0
14_house_prices,Linear,3,1.0
14_house_prices,Linear,4,0.9999998697950985
14_house_prices,Linear,5,0.9999999681948752
14_house_prices,Linear,6,0.9999989006290664
14_house_prices,Linear,7,1.0
14_house_prices,Linear,8,0.9999997256472065
14_house_prices,Linear,9,0.9999995758642168
14_house_prices,Ridge,0,0.999999513560245
14_house_prices,Ridge,1,1.0
14_house_prices,Ridge,2,0.999999606027234
14_house_prices,Ridge,3,0.9999999725635992
14_house_prices,Ridge,4,1.0
14_house_prices,Ridge,5,0.9999999973194625
14_house_prices,Ridge,6,0.9999991113491926
14_house_prices,Ridge,7,0.999999417776496
14_house_prices,Ridge,8,1.0
14_house_prices,Ridge,9,1.0
14_house_prices,Lasso,0,0.9999999345426963
14_house_prices,Lasso,1,0.9999996785278564
14_house_prices,Lasso,2,0.9999999118388007
14_house_prices,Lasso,3,0.9999999955421635
14_house_prices,Lasso,4,0.9999998917153484
14_house_prices,Lasso,5,1.0
14_house_prices,Lasso,6,0.9999989337743695
14_house_prices,Lasso,7,0.9999998948502692
14_house_prices,Lasso,8,0.9999997470026887
14_house_prices,Lasso,9,0.9999996458658382
14_house_prices,ElasticNet,0,0.9714913824915256
14_house_prices,ElasticNet,1,0.9741925133565074
14_house_prices,ElasticNet,2,0.9706038449124148
14_house_prices,ElasticNet,3,0.9742804875486502
14_house_prices,ElasticNet,4,0.9724110309397267
14_house_prices,ElasticNet,5,0.9743579485687253
14_house_prices,ElasticNet,6,0.9733343608530419
14_house_prices,ElasticNet,7,0.9725029983228555
14_house_prices,ElasticNet,8,0.9739848596797279
14_house_prices,ElasticNet,9,0.9726785410787889
14_house_prices,KNN,0,0.9961578043737431
14_house_prices,KNN,1,0.9960676169706969
14_house_prices,KNN,2,0.9950724184157442
14_house_prices,KNN,3,0.9960088103870343
14_house_prices,KNN,4,0.9963667552105769
14_house_prices,KNN,5,0.9966609926469112
14_house_prices,KNN,6,0.9962482448748384
14_house_prices,KNN,7,0.9963047916915508
14_house_prices,KNN,8,0.996132281147013
14_house_prices,KNN,9,0.9959737963570833
14_house_prices,RandomForest,0,0.9969759320355901
14_house_prices,RandomForest,1,0.9973236211939935
14_house_prices,RandomForest,2,0.9965942668457796
14_house_prices,RandomForest,3,0.9966177464182058
14_house_prices,RandomForest,4,0.9974918363513424
14_house_prices,RandomForest,5,0.9969166807970082
14_house_prices,RandomForest,6,0.9971534165758037
14_house_prices,RandomForest,7,0.9972838268650386
14_house_prices,RandomForest,8,0.9965591701811616
14_house_prices,RandomForest,9,0.9972579690742408
14_house_prices,SVR,0,0.7609543628473192
14_house_prices,SVR,1,0.7666101056599172
14_house_prices,SVR,2,0.751285588214737
14_house_prices,SVR,3,0.7746470928256015
14_house_prices,SVR,4,0.7577607305000411
14_house_prices,SVR,5,0.7757173316439137
14_house_prices,SVR,6,0.763887127164254
14_house_prices,SVR,7,0.7695995125467426
14_house_prices,SVR,8,0.767818735779834
14_house_prices,SVR,9,0.7549475013701259
14_house_prices,MLP,0,0.0
14_house_prices,MLP,1,0.0
14_house_prices,MLP,2,0.0
14_house_prices,MLP,3,0.0
14_house_prices,MLP,4,0.0
14_house_prices,MLP,5,0.0
14_house_prices,MLP,6,0.0
14_house_prices,MLP,7,0.0
14_house_prices,MLP,8,0.0
14_house_prices,MLP,9,0.0
14_house_prices,XGBoost,0,0.9968469519778832
14_house_prices,XGBoost,1,0.9967716311499952
14_house_prices,XGBoost,2,0.996869690995357
14_house_prices,XGBoost,3,0.9965233348695376
14_house_prices,XGBoost,4,0.997002869935891
14_house_prices,XGBoost,5,0.9965438636132243
14_house_prices,XGBoost,6,0.9968591113064714
14_house_prices,XGBoost,7,0.9968268401938698
14_house_prices,XGBoost,8,0.9972300869489354
14_house_prices,XGBoost,9,0.9972824287561087
14_house_prices,LightGBM,0,0.9984115018897924
14_house_prices,LightGBM,1,0.9983353785443047
14_house_prices,LightGBM,2,0.9985411483501258
14_house_prices,LightGBM,3,0.9982545828988433
14_house_prices,LightGBM,4,0.9983347183984582
14_house_prices,LightGBM,5,0.9980672358140856
14_house_prices,LightGBM,6,0.9984125242821004
14_house_prices,LightGBM,7,0.9988489866371895
14_house_prices,LightGBM,8,0.9983793589702579
14_house_prices,LightGBM,9,0.9990097585223932
14_house_prices,CatBoost,0,0.999175090446474
14_house_prices,CatBoost,1,0.9993969263305975
14_house_prices,CatBoost,2,0.9991706847630594
14_house_prices,CatBoost,3,0.9994750482283877
14_house_prices,CatBoost,4,0.9992319161562869
14_house_prices,CatBoost,5,0.999030407033236
14_house_prices,CatBoost,6,0.9993955877078377
14_house_prices,CatBoost,7,0.9994153521237131
14_house_prices,CatBoost,8,0.999252872529503
14_house_prices,CatBoost,9,0.9994610414100269
14_house_prices,TabPFNReg,0,0.9998878049508697
14_house_prices,TabPFNReg,1,0.999918355532182
14_house_prices,TabPFNReg,2,0.9999189721605448
14_house_prices,TabPFNReg,3,0.9998300240972429
14_house_prices,TabPFNReg,4,0.999932836010366
14_house_prices,TabPFNReg,5,0.9998915598957341
14_house_prices,TabPFNReg,6,1.0
14_house_prices,TabPFNReg,7,0.9999977204888346
14_house_prices,TabPFNReg,8,0.999826668342586
14_house_prices,TabPFNReg,9,0.999956483916246
15_ames_housing,Linear,0,0.9011628990379397
15_ames_housing,Linear,1,0.9356107205717531
15_ames_housing,Linear,2,0.9477590931347166
15_ames_housing,Linear,3,0.7398382839611409
15_ames_housing,Linear,4,0.8833225033154481
15_ames_housing,Linear,5,0.9460944127325853
15_ames_housing,Linear,6,0.9391152331945617
15_ames_housing,Linear,7,0.8267006287697215
15_ames_housing,Linear,8,0.9445030334258491
15_ames_housing,Linear,9,0.9157790005155575
15_ames_housing,Ridge,0,0.9012064472565515
15_ames_housing,Ridge,1,0.9356607116726334
15_ames_housing,Ridge,2,0.9483900450565093
15_ames_housing,Ridge,3,0.7410453439354454
15_ames_housing,Ridge,4,0.8899136829314748
15_ames_housing,Ridge,5,0.9461121423788199
15_ames_housing,Ridge,6,0.9391980643939478
15_ames_housing,Ridge,7,0.8266696314162493
15_ames_housing,Ridge,8,0.9445435150691329
15_ames_housing,Ridge,9,0.9163390491347981
15_ames_housing,Lasso,0,0.9011825424562202
15_ames_housing,Lasso,1,0.9356162713058396
15_ames_housing,Lasso,2,0.947825464663226
15_ames_housing,Lasso,3,0.7404132851863217
15_ames_housing,Lasso,4,0.8835765593405066
15_ames_housing,Lasso,5,0.9460966047178406
15_ames_housing,Lasso,6,0.9391853758022244
15_ames_housing,Lasso,7,0.8267720544873308
15_ames_housing,Lasso,8,0.9445330329480306
15_ames_housing,Lasso,9,0.9158953200698999
15_ames_housing,ElasticNet,0,0.9049922456206858
15_ames_housing,ElasticNet,1,0.9181505835721572
15_ames_housing,ElasticNet,2,0.9294618478599934
15_ames_housing,ElasticNet,3,0.7733659253392575
15_ames_housing,ElasticNet,4,0.9176583623501081
15_ames_housing,ElasticNet,5,0.9162423176100551
15_ames_housing,ElasticNet,6,0.936702225381264
15_ames_housing,ElasticNet,7,0.8291636018181979
15_ames_housing,ElasticNet,8,0.9368672189578626
15_ames_housing,ElasticNet,9,0.9183396861094751
15_ames_housing,KNN,0,0.895814458763405
15_ames_housing,KNN,1,0.8631170879688629
15_ames_housing,KNN,2,0.8484959739104547
15_ames_housing,KNN,3,0.7308262681983099
15_ames_housing,KNN,4,0.8802349995983023
15_ames_housing,KNN,5,0.8642247421626048
15_ames_housing,KNN,6,0.8692169560928897
15_ames_housing,KNN,7,0.8445367972692002
15_ames_housing,KNN,8,0.8724306119077184
15_ames_housing,KNN,9,0.8623433476398442
15_ames_housing,RandomForest,0,0.9652761112989051
15_ames_housing,RandomForest,1,0.9642286735707261
15_ames_housing,RandomForest,2,0.9620939370920936
15_ames_housing,RandomForest,3,0.9713229439192316
15_ames_housing,RandomForest,4,0.9530667428605061
15_ames_housing,RandomForest,5,0.9595481429659908
15_ames_housing,RandomForest,6,0.9309062685194017
15_ames_housing,RandomForest,7,0.9575469052713292
15_ames_housing,RandomForest,8,0.947480456548254
15_ames_housing,RandomForest,9,0.9502423067223303
15_ames_housing,SVR,0,0.0
15_ames_housing,SVR,1,0.0
15_ames_housing,SVR,2,0.0
15_ames_housing,SVR,3,0.0
15_ames_housing,SVR,4,0.0
15_ames_housing,SVR,5,0.0
15_ames_housing,SVR,6,0.0
15_ames_housing,SVR,7,0.0
15_ames_housing,SVR,8,0.0
15_ames_housing,SVR,9,0.0
15_ames_housing,MLP,0,0.6251027601769622
15_ames_housing,MLP,1,0.6286475336581123
15_ames_housing,MLP,2,0.6186446006478271
15_ames_housing,MLP,3,0.5727285575561246
15_ames_housing,MLP,4,0.6121829986940062
15_ames_housing,MLP,5,0.5845252355343438
15_ames_housing,MLP,6,0.5881586334462973
15_ames_housing,MLP,7,0.6365995676925914
15_ames_housing,MLP,8,0.6374061859276231
15_ames_housing,MLP,9,0.6244223796627072
15_ames_housing,XGBoost,0,0.9924024176869699
15_ames_housing,XGBoost,1,0.9678656006034112
15_ames_housing,XGBoost,2,0.9644691005822538
15_ames_housing,XGBoost,3,0.970062813571307
15_ames_housing,XGBoost,4,0.9644404348843485
15_ames_housing,XGBoost,5,0.9796962693842584
15_ames_housing,XGBoost,6,0.9333320064095281
15_ames_housing,XGBoost,7,0.9619758786805711
15_ames_housing,XGBoost,8,0.9583358287625338
15_ames_housing,XGBoost,9,0.9636243755376318
15_ames_housing,LightGBM,0,0.9404131081105497
15_ames_housing,LightGBM,1,0.9752667567079253
15_ames_housing,LightGBM,2,0.9895446765024676
15_ames_housing,LightGBM,3,0.9722748574444757
15_ames_housing,LightGBM,4,0.9630398413118771
15_ames_housing,LightGBM,5,0.9786298193205932
15_ames_housing,LightGBM,6,0.9662653353946992
15_ames_housing,LightGBM,7,0.9579430181846215
15_ames_housing,LightGBM,8,0.9710152682678372
15_ames_housing,LightGBM,9,0.969482367282178
15_ames_housing,CatBoost,0,1.0
15_ames_housing,CatBoost,1,0.9870073239925621
15_ames_housing,CatBoost,2,0.9866936661614758
15_ames_housing,CatBoost,3,0.9739036252056497
15_ames_housing,CatBoost,4,0.9894698651685516
15_ames_housing,CatBoost,5,1.0
15_ames_housing,CatBoost,6,0.9872009476796709
15_ames_housing,CatBoost,7,0.9894626243470356
15_ames_housing,CatBoost,8,0.9885424768312362
15_ames_housing,CatBoost,9,0.985682626464395
15_ames_housing,TabPFNReg,0,0.9850988062867938
15_ames_housing,TabPFNReg,1,1.0
15_ames_housing,TabPFNReg,2,1.0
15_ames_housing,TabPFNReg,3,1.0
15_ames_housing,TabPFNReg,4,1.0
15_ames_housing,TabPFNReg,5,0.9998391186079957
15_ames_housing,TabPFNReg,6,1.0
15_ames_housing,TabPFNReg,7,1.0
15_ames_housing,TabPFNReg,8,1.0
15_ames_housing,TabPFNReg,9,1.0
16_mhm,Linear,0,0.7354861163806983
16_mhm,Linear,1,0.7381214684855814
16_mhm,Linear,2,0.6954750115877697
16_mhm,Linear,3,0.17286832705451288
16_mhm,Linear,4,0.7222979964983616
16_mhm,Linear,5,0.7586234110157066
16_mhm,Linear,6,0.6798914741893505
16_mhm,Linear,7,0.7508838588429879
16_mhm,Linear,8,0.7671038869817537
16_mhm,Linear,9,0.7187005921093889
16_mhm,Ridge,0,0.7354813666283178
16_mhm,Ridge,1,0.7381112044704302
16_mhm,Ridge,2,0.6954682184832133
16_mhm,Ridge,3,0.17298356402196485
16_mhm,Ridge,4,0.7223137413804691
16_mhm,Ridge,5,0.7586225360794171
16_mhm,Ridge,6,0.6798883256517113
16_mhm,Ridge,7,0.7508959619938979
16_mhm,Ridge,8,0.7671000252224123
16_mhm,Ridge,9,0.7186987955166827
16_mhm,Lasso,0,0.7354860967822673
16_mhm,Lasso,1,0.7381210561561911
16_mhm,Lasso,2,0.69547445101964
16_mhm,Lasso,3,0.17291069949449275
16_mhm,Lasso,4,0.7222986890602
16_mhm,Lasso,5,0.7586233793038955
16_mhm,Lasso,6,0.6798914042503243
16_mhm,Lasso,7,0.7508844236614913
16_mhm,Lasso,8,0.7671039108204057
16_mhm,Lasso,9,0.7187004209250628
16_mhm,ElasticNet,0,0.6574029728939497
16_mhm,ElasticNet,1,0.6599710286337369
16_mhm,ElasticNet,2,0.6291167217185984
16_mhm,ElasticNet,3,0.29968869275159576
16_mhm,ElasticNet,4,0.6827746165785906
16_mhm,ElasticNet,5,0.6851695484935438
16_mhm,ElasticNet,6,0.6201552807146498
16_mhm,ElasticNet,7,0.7167991248685333
16_mhm,ElasticNet,8,0.7004004309708327
16_mhm,ElasticNet,9,0.6560535802812733
16_mhm,KNN,0,0.6854360308844345
16_mhm,KNN,1,0.592612149017809
16_mhm,KNN,2,0.6702204621110676
16_mhm,KNN,3,0.7250140466006713
16_mhm,KNN,4,0.6578874778703822
16_mhm,KNN,5,0.6553845618383892
16_mhm,KNN,6,0.6908470774670025
16_mhm,KNN,7,0.7068597353032298
16_mhm,KNN,8,0.6619187119573934
16_mhm,KNN,9,0.6377131276372996
16_mhm,RandomForest,0,0.9090785945678832
16_mhm,RandomForest,1,0.9781026917377609
16_mhm,RandomForest,2,0.9764862341863405
16_mhm,RandomForest,3,0.9616140047016597
16_mhm,RandomForest,4,0.9464770128098206
16_mhm,RandomForest,5,0.9558225155157728
16_mhm,RandomForest,6,0.9849719292514609
16_mhm,RandomForest,7,0.9355426979235202
16_mhm,RandomForest,8,0.9591474045377332
16_mhm,RandomForest,9,0.9532099026314298
16_mhm,SVR,0,0.14271584199173756
16_mhm,SVR,1,0.13880644487653213
16_mhm,SVR,2,0.1326017890779878
16_mhm,SVR,3,0.27073353096766295
16_mhm,SVR,4,0.22683668344916655
16_mhm,SVR,5,0.20073938147479498
16_mhm,SVR,6,0.16185480546225475
16_mhm,SVR,7,0.29405008867865856
16_mhm,SVR,8,0.22303282600866506
16_mhm,SVR,9,0.13371200980002676
16_mhm,MLP,0,0.0
16_mhm,MLP,1,0.0
16_mhm,MLP,2,0.0
16_mhm,MLP,3,0.0
16_mhm,MLP,4,0.0
16_mhm,MLP,5,0.0
16_mhm,MLP,6,0.0
16_mhm,MLP,7,0.0
16_mhm,MLP,8,0.0
16_mhm,MLP,9,0.0
16_mhm,XGBoost,0,0.9552334214543391
16_mhm,XGBoost,1,0.9724796724697938
16_mhm,XGBoost,2,0.9805496213274375
16_mhm,XGBoost,3,0.9543923243006825
16_mhm,XGBoost,4,0.96813876063737
16_mhm,XGBoost,5,0.9703185005578523
16_mhm,XGBoost,6,0.9893886550875962
16_mhm,XGBoost,7,0.9550156083138129
16_mhm,XGBoost,8,0.9616928305912439
16_mhm,XGBoost,9,0.9583155949213928
16_mhm,LightGBM,0,0.9744730245255664
16_mhm,LightGBM,1,0.9906783600975997
16_mhm,LightGBM,2,0.9886771790278787
16_mhm,LightGBM,3,0.975935696428431
16_mhm,LightGBM,4,0.9781577776124852
16_mhm,LightGBM,5,0.9984991890215537
16_mhm,LightGBM,6,0.9784380733274515
16_mhm,LightGBM,7,0.9693477566999156
16_mhm,LightGBM,8,0.981407769839565
16_mhm,LightGBM,9,0.9893062912801434
16_mhm,CatBoost,0,0.9825685345253219
16_mhm,CatBoost,1,0.993708712563517
16_mhm,CatBoost,2,1.0
16_mhm,CatBoost,3,0.9832378359075956
16_mhm,CatBoost,4,0.9956654726716668
16_mhm,CatBoost,5,0.9965541245626214
16_mhm,CatBoost,6,0.9892289562036576
16_mhm,CatBoost,7,0.9778781191713427
16_mhm,CatBoost,8,0.9861506741494107
16_mhm,CatBoost,9,0.9984791935085862
16_mhm,TabPFNReg,0,1.0
16_mhm,TabPFNReg,1,1.0
16_mhm,TabPFNReg,2,0.988809942883255
16_mhm,TabPFNReg,3,1.0
16_mhm,TabPFNReg,4,1.0
16_mhm,TabPFNReg,5,1.0
16_mhm,TabPFNReg,6,1.0
16_mhm,TabPFNReg,7,1.0
16_mhm,TabPFNReg,8,1.0
16_mhm,TabPFNReg,9,1.0
17_texas,Linear,0,0.6188775347409825
17_texas,Linear,1,0.9943672101929995
17_texas,Linear,2,0.6680698039601488
17_texas,Linear,3,0.6517684075806507
17_texas,Linear,4,0.9253929092038011
17_texas,Linear,5,0.9447818926379558
17_texas,Linear,6,0.9445297635058596
17_texas,Linear,7,0.8433366429905729
17_texas,Linear,8,0.9955929478042798
17_texas,Linear,9,0.7542426725639457
17_texas,Ridge,0,0.6183770503057551
17_texas,Ridge,1,0.9945734077721853
17_texas,Ridge,2,0.6620212448846782
17_texas,Ridge,3,0.6302632584706913
17_texas,Ridge,4,0.9287082069955999
17_texas,Ridge,5,0.9444244125178701
17_texas,Ridge,6,0.9460791931866663
17_texas,Ridge,7,0.8472381533722375
17_texas,Ridge,8,0.9957216793103617
17_texas,Ridge,9,0.7679647529130436
17_texas,Lasso,0,0.6188859154772518
17_texas,Lasso,1,0.9943678677479337
17_texas,Lasso,2,0.6680580918678306
17_texas,Lasso,3,0.6517551470707419
17_texas,Lasso,4,0.9253959913131096
17_texas,Lasso,5,0.9447825577103615
17_texas,Lasso,6,0.9445311607894975
17_texas,Lasso,7,0.8433434281217782
17_texas,Lasso,8,0.9955930832506226
17_texas,Lasso,9,0.7542513182653133
17_texas,ElasticNet,0,0.8990129196136192
17_texas,ElasticNet,1,0.9968147198333114
17_texas,ElasticNet,2,0.6515489644115029
17_texas,ElasticNet,3,0.6788563583941944
17_texas,ElasticNet,4,0.9515632767034312
17_texas,ElasticNet,5,0.9496631038919281
17_texas,ElasticNet,6,0.9417310208776779
17_texas,ElasticNet,7,0.8842526060287508
17_texas,ElasticNet,8,0.9978639720395834
17_texas,ElasticNet,9,0.8724920862571214
17_texas,KNN,0,0.9981799444095796
17_texas,KNN,1,0.9498533728688779
17_texas,KNN,2,1.0
17_texas,KNN,3,0.9133227259325563
17_texas,KNN,4,0.0
17_texas,KNN,5,0.0
17_texas,KNN,6,0.0
17_texas,KNN,7,0.872176964137246
17_texas,KNN,8,0.9585931157714068
17_texas,KNN,9,0.0
17_texas,RandomForest,0,0.9925425441814464
17_texas,RandomForest,1,0.989756814773457
17_texas,RandomForest,2,0.3958461302675438
17_texas,RandomForest,3,0.9596890118132082
17_texas,RandomForest,4,0.9932265217476361
17_texas,RandomForest,5,0.9422952919012008
17_texas,RandomForest,6,0.9897906171943478
17_texas,RandomForest,7,0.8402580664564242
17_texas,RandomForest,8,0.9030872244208191
17_texas,RandomForest,9,0.9869896991563091
17_texas,SVR,0,0.9984444118068184
17_texas,SVR,1,0.9974578478423627
17_texas,SVR,2,0.5758124325949323
17_texas,SVR,3,0.900450800623642
17_texas,SVR,4,0.9265172637867365
17_texas,SVR,5,0.9197388803659724
17_texas,SVR,6,0.8439385368128802
17_texas,SVR,7,0.7759392911019715
17_texas,SVR,8,0.9991416251457306
17_texas,SVR,9,0.866492710436781
17_texas,MLP,0,0.9879432903700376
17_texas,MLP,1,0.9868301749184353
17_texas,MLP,2,0.0
17_texas,MLP,3,0.0
17_texas,MLP,4,0.6601015757492342
17_texas,MLP,5,0.6851303107217623
17_texas,MLP,6,0.5866283903590404
17_texas,MLP,7,0.0
17_texas,MLP,8,0.9884730054925265
17_texas,MLP,9,0.5697685938964905
17_texas,XGBoost,0,0.0
17_texas,XGBoost,1,0.0
17_texas,XGBoost,2,0.2422038677540805
17_texas,XGBoost,3,0.8270749075032017
17_texas,XGBoost,4,0.9922685808207716
17_texas,XGBoost,5,1.0
17_texas,XGBoost,6,0.9054540544552864
17_texas,XGBoost,7,0.8373292979962496
17_texas,XGBoost,8,0.0
17_texas,XGBoost,9,1.0
17_texas,LightGBM,0,0.9907228196079896
17_texas,LightGBM,1,0.9893806993393097
17_texas,LightGBM,2,0.6646407130734026
17_texas,LightGBM,3,0.8623008324344594
17_texas,LightGBM,4,0.9711653954702512
17_texas,LightGBM,5,0.7961709912752963
17_texas,LightGBM,6,0.9588530426075931
17_texas,LightGBM,7,0.5289109422917405
17_texas,LightGBM,8,0.9843587405455897
17_texas,LightGBM,9,0.8184346924473078
17_texas,CatBoost,0,0.9964511320386518
17_texas,CatBoost,1,0.8233725229213137
17_texas,CatBoost,2,0.40763365755796127
17_texas,CatBoost,3,0.8673158643801049
17_texas,CatBoost,4,0.9250091172478253
17_texas,CatBoost,5,0.9169553432597861
17_texas,CatBoost,6,1.0
17_texas,CatBoost,7,0.6316935414830213
17_texas,CatBoost,8,0.7767727616728193
17_texas,CatBoost,9,0.9932798252968329
17_texas,TabPFNReg,0,1.0
17_texas,TabPFNReg,1,1.0
17_texas,TabPFNReg,2,0.6058559955831609
17_texas,TabPFNReg,3,1.0
17_texas,TabPFNReg,4,1.0
17_texas,TabPFNReg,5,0.9844471343813905
17_texas,TabPFNReg,6,0.9470107722528182
17_texas,TabPFNReg,7,1.0
17_texas,TabPFNReg,8,1.0
17_texas,TabPFNReg,9,0.9826099493865627
18_california,Linear,0,0.8053351250455342
18_california,Linear,1,0.8055465226432232
18_california,Linear,2,0.8008367149490704
18_california,Linear,3,0.8109520828003437
18_california,Linear,4,0.8199163237577646
18_california,Linear,5,0.8024698335101365
18_california,Linear,6,0.8095393077076696
18_california,Linear,7,0.7914411261119426
18_california,Linear,8,0.7747352529058416
18_california,Linear,9,0.7986913567661935
18_california,Ridge,0,0.8053241862354585
18_california,Ridge,1,0.8055182574756317
18_california,Ridge,2,0.8008326659656639
18_california,Ridge,3,0.8109287959249449
18_california,Ridge,4,0.8199162213092481
18_california,Ridge,5,0.8024778083767743
18_california,Ridge,6,0.8095471068119858
18_california,Ridge,7,0.7914688989343072
18_california,Ridge,8,0.7747588906895584
18_california,Ridge,9,0.7987136440966041
18_california,Lasso,0,0.8053325736635879
18_california,Lasso,1,0.805543137992418
18_california,Lasso,2,0.8008373082928345
18_california,Lasso,3,0.8109438514827512
18_california,Lasso,4,0.8199142021153839
18_california,Lasso,5,0.8024787728472764
18_california,Lasso,6,0.8095389779126528
18_california,Lasso,7,0.7914432747286448
18_california,Lasso,8,0.7747434080564749
18_california,Lasso,9,0.7986920257220861
18_california,ElasticNet,0,0.692533602680865
18_california,ElasticNet,1,0.6733765546814103
18_california,ElasticNet,2,0.6873590130671763
18_california,ElasticNet,3,0.6902273366298907
18_california,ElasticNet,4,0.7015580596401685
18_california,ElasticNet,5,0.6780102623844965
18_california,ElasticNet,6,0.6854598433233081
18_california,ElasticNet,7,0.6893409886303082
18_california,ElasticNet,8,0.6727088589411334
18_california,ElasticNet,9,0.6757622189502542
18_california,KNN,0,0.8519358964046684
18_california,KNN,1,0.8580449322739306
18_california,KNN,2,0.8257680990936104
18_california,KNN,3,0.8599914654482905
18_california,KNN,4,0.8534317148906704
18_california,KNN,5,0.8487514156502705
18_california,KNN,6,0.8810464429903481
18_california,KNN,7,0.8452559062596567
18_california,KNN,8,0.8595369627186035
18_california,KNN,9,0.8756002777405444
18_california,RandomForest,0,0.9432111411877006
18_california,RandomForest,1,0.9424413015245026
18_california,RandomForest,2,0.9421043116044373
18_california,RandomForest,3,0.9468056609550867
18_california,RandomForest,4,0.9550627314469936
18_california,RandomForest,5,0.9510987652908167
18_california,RandomForest,6,0.9413234026166218
18_california,RandomForest,7,0.9588243089170501
18_california,RandomForest,8,0.9469726690840279
18_california,RandomForest,9,0.9459560755702432
18_california,SVR,0,0.225905322417566
18_california,SVR,1,0.17519454509819543
18_california,SVR,2,0.25196293168972334
18_california,SVR,3,0.28809463135418606
18_california,SVR,4,0.24241226510019095
18_california,SVR,5,0.13565806754211954
18_california,SVR,6,0.188922285270295
18_california,SVR,7,0.2807101837276244
18_california,SVR,8,0.20107166983822392
18_california,SVR,9,0.1527564909963814
18_california,MLP,0,0.0
18_california,MLP,1,0.0
18_california,MLP,2,0.0
18_california,MLP,3,0.0
18_california,MLP,4,0.0
18_california,MLP,5,0.0
18_california,MLP,6,0.0
18_california,MLP,7,0.0
18_california,MLP,8,0.0
18_california,MLP,9,0.0
18_california,XGBoost,0,0.964812149640425
18_california,XGBoost,1,0.9658498794311577
18_california,XGBoost,2,0.9504502540908938
18_california,XGBoost,3,0.9626983792623737
18_california,XGBoost,4,0.970335131957806
18_california,XGBoost,5,0.9539854231532636
18_california,XGBoost,6,0.9644093945263026
18_california,XGBoost,7,0.9570629700014748
18_california,XGBoost,8,0.9647311271549232
18_california,XGBoost,9,0.9653281317335467
18_california,LightGBM,0,0.9612421968622326
18_california,LightGBM,1,0.9692464046385862
18_california,LightGBM,2,0.9572836540697041
18_california,LightGBM,3,0.9686402559939326
18_california,LightGBM,4,0.9713384889726948
18_california,LightGBM,5,0.9598581238170072
18_california,LightGBM,6,0.9674140204029724
18_california,LightGBM,7,0.9650619730844183
18_california,LightGBM,8,0.96813570816374
18_california,LightGBM,9,0.9658514510406765
18_california,CatBoost,0,0.9794790327638396
18_california,CatBoost,1,0.9844350239147392
18_california,CatBoost,2,0.9629380343527679
18_california,CatBoost,3,0.9761998963055518
18_california,CatBoost,4,0.9838366836325714
18_california,CatBoost,5,0.9710269939575402
18_california,CatBoost,6,0.9813291679086933
18_california,CatBoost,7,0.9780032119729973
18_california,CatBoost,8,0.973170785250531
18_california,CatBoost,9,0.9777972934496617
18_california,TabPFNReg,0,1.0
18_california,TabPFNReg,1,1.0
18_california,TabPFNReg,2,1.0
18_california,TabPFNReg,3,1.0
18_california,TabPFNReg,4,1.0
18_california,TabPFNReg,5,1.0
18_california,TabPFNReg,6,1.0
18_california,TabPFNReg,7,1.0
18_california,TabPFNReg,8,1.0
18_california,TabPFNReg,9,1.0
19_housing_yasser,Linear,0,0.9940723695897205
19_housing_yasser,Linear,1,0.9954497766463933
19_housing_yasser,Linear,2,0.9948072629650977
19_housing_yasser,Linear,3,0.9974094498443284
19_housing_yasser,Linear,4,0.9917619851513481
19_housing_yasser,Linear,5,0.9926591853275056
19_housing_yasser,Linear,6,0.9957721350763095
19_housing_yasser,Linear,7,0.9913826658611993
19_housing_yasser,Linear,8,0.9998242593982372
19_housing_yasser,Linear,9,0.9963123620829378
19_housing_yasser,Ridge,0,0.9939684269727106
19_housing_yasser,Ridge,1,0.9952869862393429
19_housing_yasser,Ridge,2,0.9947173717683366
19_housing_yasser,Ridge,3,0.9974464193052953
19_housing_yasser,Ridge,4,0.9919487217223033
19_housing_yasser,Ridge,5,0.9929068814928658
19_housing_yasser,Ridge,6,0.9957339018494437
19_housing_yasser,Ridge,7,0.9916057528873701
19_housing_yasser,Ridge,8,1.0
19_housing_yasser,Ridge,9,0.9962686704502938
19_housing_yasser,Lasso,0,0.9940723216691836
19_housing_yasser,Lasso,1,0.9954495497559208
19_housing_yasser,Lasso,2,0.994807304323065
19_housing_yasser,Lasso,3,0.9974094416889553
19_housing_yasser,Lasso,4,0.991762164548109
19_housing_yasser,Lasso,5,0.9926593224427765
19_housing_yasser,Lasso,6,0.9957721225348422
19_housing_yasser,Lasso,7,0.9913827414835815
19_housing_yasser,Lasso,8,0.9998243498504951
19_housing_yasser,Lasso,9,0.9963122732087496
19_housing_yasser,ElasticNet,0,0.9760791297608096
19_housing_yasser,ElasticNet,1,0.9803574194329553
19_housing_yasser,ElasticNet,2,0.9911498726777436
19_housing_yasser,ElasticNet,3,0.980894212068764
19_housing_yasser,ElasticNet,4,0.9942710278348506
19_housing_yasser,ElasticNet,5,0.9913917792769312
19_housing_yasser,ElasticNet,6,0.9929757599743624
19_housing_yasser,ElasticNet,7,0.984143361007955
19_housing_yasser,ElasticNet,8,0.9899169310968582
19_housing_yasser,ElasticNet,9,0.9979541508604539
19_housing_yasser,KNN,0,0.9693148453062735
19_housing_yasser,KNN,1,0.9850849782781984
19_housing_yasser,KNN,2,1.0
19_housing_yasser,KNN,3,0.9787118026500142
19_housing_yasser,KNN,4,0.9899119637051197
19_housing_yasser,KNN,5,0.9989651820046549
19_housing_yasser,KNN,6,0.9869997648078226
19_housing_yasser,KNN,7,0.9790665341147401
19_housing_yasser,KNN,8,0.9935628061168926
19_housing_yasser,KNN,9,0.9899522158092627
19_housing_yasser,RandomForest,0,0.9777927103405549
19_housing_yasser,RandomForest,1,0.9888115373376613
19_housing_yasser,RandomForest,2,0.963640119498077
19_housing_yasser,RandomForest,3,1.0
19_housing_yasser,RandomForest,4,0.9938620528971908
19_housing_yasser,RandomForest,5,0.9896819177384519
19_housing_yasser,RandomForest,6,0.997290079707655
19_housing_yasser,RandomForest,7,0.9914767207817013
19_housing_yasser,RandomForest,8,0.9920060696221153
19_housing_yasser,RandomForest,9,0.9998285241472784
19_housing_yasser,SVR,0,0.8609729121007973
19_housing_yasser,SVR,1,0.8611118380690044
19_housing_yasser,SVR,2,0.9324848605832882
19_housing_yasser,SVR,3,0.8404792559473253
19_housing_yasser,SVR,4,0.9541755063245834
19_housing_yasser,SVR,5,0.9544304273585251
19_housing_yasser,SVR,6,0.9155638641675486
19_housing_yasser,SVR,7,0.8943237754429502
19_housing_yasser,SVR,8,0.8857947093499094
19_housing_yasser,SVR,9,0.9298329655735083
19_housing_yasser,MLP,0,0.0
19_housing_yasser,MLP,1,0.0
19_housing_yasser,MLP,2,0.0
19_housing_yasser,MLP,3,0.0
19_housing_yasser,MLP,4,0.0
19_housing_yasser,MLP,5,0.0
19_housing_yasser,MLP,6,0.0
19_housing_yasser,MLP,7,0.0
19_housing_yasser,MLP,8,0.0
19_housing_yasser,MLP,9,0.0
19_housing_yasser,XGBoost,0,0.9784239420558472
19_housing_yasser,XGBoost,1,0.978381304313775
19_housing_yasser,XGBoost,2,0.9829767976746431
19_housing_yasser,XGBoost,3,0.9962821377107465
19_housing_yasser,XGBoost,4,0.990031915086203
19_housing_yasser,XGBoost,5,0.9783548091724985
19_housing_yasser,XGBoost,6,0.9957896834706305
19_housing_yasser,XGBoost,7,0.98133685427733
19_housing_yasser,XGBoost,8,0.9705834877597015
19_housing_yasser,XGBoost,9,0.989151592955001
19_housing_yasser,LightGBM,0,0.9792113789120946
19_housing_yasser,LightGBM,1,0.9948221922606842
19_housing_yasser,LightGBM,2,0.9901951580451406
19_housing_yasser,LightGBM,3,0.988814097495557
19_housing_yasser,LightGBM,4,0.9932255667029749
19_housing_yasser,LightGBM,5,0.9962734526745191
19_housing_yasser,LightGBM,6,0.9966400790947114
19_housing_yasser,LightGBM,7,0.9955545186694882
19_housing_yasser,LightGBM,8,0.9783774927398963
19_housing_yasser,LightGBM,9,0.9917862963879678
19_housing_yasser,CatBoost,0,0.9841247002022734
19_housing_yasser,CatBoost,1,1.0
19_housing_yasser,CatBoost,2,0.9961910728494795
19_housing_yasser,CatBoost,3,0.990094131147514
19_housing_yasser,CatBoost,4,1.0
19_housing_yasser,CatBoost,5,0.9877699060146777
19_housing_yasser,CatBoost,6,1.0
19_housing_yasser,CatBoost,7,0.9931547874248186
19_housing_yasser,CatBoost,8,0.9876323475216593
19_housing_yasser,CatBoost,9,0.9933132046336924
19_housing_yasser,TabPFNReg,0,1.0
19_housing_yasser,TabPFNReg,1,0.9926064379133228
19_housing_yasser,TabPFNReg,2,0.9872362706722643
19_housing_yasser,TabPFNReg,3,0.9977430791007418
19_housing_yasser,TabPFNReg,4,0.9962196737735302
19_housing_yasser,TabPFNReg,5,1.0
19_housing_yasser,TabPFNReg,6,0.9965495880172386
19_housing_yasser,TabPFNReg,7,1.0
19_housing_yasser,TabPFNReg,8,0.9943607988971702
19_housing_yasser,TabPFNReg,9,1.0
20_bangalore,Linear,0,0.5980849682930302
20_bangalore,Linear,1,0.7825882394485678
20_bangalore,Linear,2,0.7252363545720881
20_bangalore,Linear,3,0.8687529073862769
20_bangalore,Linear,4,0.8119790158371801
20_bangalore,Linear,5,0.8031568579796156
20_bangalore,Linear,6,0.8234023229328097
20_bangalore,Linear,7,0.7708763851421612
20_bangalore,Linear,8,0.7665020095139772
20_bangalore,Linear,9,0.7994504422147559
20_bangalore,Ridge,0,0.6006900187984633
20_bangalore,Ridge,1,0.7822457042773822
20_bangalore,Ridge,2,0.7290502261989904
20_bangalore,Ridge,3,0.8719793707743568
20_bangalore,Ridge,4,0.808759539999344
20_bangalore,Ridge,5,0.8013362695883189
20_bangalore,Ridge,6,0.8203939186326188
20_bangalore,Ridge,7,0.7696297405139378
20_bangalore,Ridge,8,0.7710103263882685
20_bangalore,Ridge,9,0.7987038877526644
20_bangalore,Lasso,0,0.6000105476723042
20_bangalore,Lasso,1,0.7808009678950192
20_bangalore,Lasso,2,0.7269577171350852
20_bangalore,Lasso,3,0.8720875925105234
20_bangalore,Lasso,4,0.806515704005162
20_bangalore,Lasso,5,0.7961102921554416
20_bangalore,Lasso,6,0.8159820134350865
20_bangalore,Lasso,7,0.7678080083231325
20_bangalore,Lasso,8,0.7711708131028089
20_bangalore,Lasso,9,0.7973667908379963
20_bangalore,ElasticNet,0,0.5708387824657836
20_bangalore,ElasticNet,1,0.6988643252229637
20_bangalore,ElasticNet,2,0.7220436522876399
20_bangalore,ElasticNet,3,0.8868022655903913
20_bangalore,ElasticNet,4,0.7076377647768972
20_bangalore,ElasticNet,5,0.7138830805236305
20_bangalore,ElasticNet,6,0.6718283118283375
20_bangalore,ElasticNet,7,0.6913924552275479
20_bangalore,ElasticNet,8,0.7322843160395857
20_bangalore,ElasticNet,9,0.8487746111862666
20_bangalore,KNN,0,0.6343328505957272
20_bangalore,KNN,1,0.8607503201435575
20_bangalore,KNN,2,0.819852200486817
20_bangalore,KNN,3,0.8626780696386266
20_bangalore,KNN,4,0.9743993198874303
20_bangalore,KNN,5,0.9277443597612991
20_bangalore,KNN,6,0.9851692056346365
20_bangalore,KNN,7,0.8845964382020433
20_bangalore,KNN,8,0.8818875294522739
20_bangalore,KNN,9,0.8134905050408437
20_bangalore,RandomForest,0,0.8864672944843753
20_bangalore,RandomForest,1,0.6679757760202412
20_bangalore,RandomForest,2,0.9271011545914333
20_bangalore,RandomForest,3,0.6369468543698064
20_bangalore,RandomForest,4,0.9270758574428314
20_bangalore,RandomForest,5,0.6472346839677654
20_bangalore,RandomForest,6,0.8178170976033766
20_bangalore,RandomForest,7,1.0
20_bangalore,RandomForest,8,0.8232937007904593
20_bangalore,RandomForest,9,0.0
20_bangalore,SVR,0,0.376121834389171
20_bangalore,SVR,1,0.3949321963906682
20_bangalore,SVR,2,0.4828019385888745
20_bangalore,SVR,3,0.7456877539639548
20_bangalore,SVR,4,0.3913360574727298
20_bangalore,SVR,5,0.3970946212715064
20_bangalore,SVR,6,0.348313896346467
20_bangalore,SVR,7,0.3797908108285569
20_bangalore,SVR,8,0.4451217988202249
20_bangalore,SVR,9,0.7817517612069672
20_bangalore,MLP,0,0.0
20_bangalore,MLP,1,0.0
20_bangalore,MLP,2,0.0
20_bangalore,MLP,3,0.4088973841537259
20_bangalore,MLP,4,0.0
20_bangalore,MLP,5,0.0
20_bangalore,MLP,6,0.0
20_bangalore,MLP,7,0.0
20_bangalore,MLP,8,0.0
20_bangalore,MLP,9,0.44937953325171065
20_bangalore,XGBoost,0,0.9688388977177773
20_bangalore,XGBoost,1,0.7668721763823535
20_bangalore,XGBoost,2,0.8021190727550502
20_bangalore,XGBoost,3,0.0
20_bangalore,XGBoost,4,0.9147043474878134
20_bangalore,XGBoost,5,0.8921820366134305
20_bangalore,XGBoost,6,0.8710192951964557
20_bangalore,XGBoost,7,0.9630278207137306
20_bangalore,XGBoost,8,0.933076444195795
20_bangalore,XGBoost,9,0.9241540945380239
20_bangalore,LightGBM,0,0.8224100352337109
20_bangalore,LightGBM,1,0.9862879333358725
20_bangalore,LightGBM,2,1.0
20_bangalore,LightGBM,3,0.867497871590717
20_bangalore,LightGBM,4,0.966031546283304
20_bangalore,LightGBM,5,0.9826257022072793
20_bangalore,LightGBM,6,0.9651332331562309
20_bangalore,LightGBM,7,0.9627415918455643
20_bangalore,LightGBM,8,0.9846911817137196
20_bangalore,LightGBM,9,0.9502973424132303
20_bangalore,CatBoost,0,1.0
20_bangalore,CatBoost,1,0.9226872870258014
20_bangalore,CatBoost,2,0.8727658165988269
20_bangalore,CatBoost,3,0.2391076435096501
20_bangalore,CatBoost,4,0.9759608963444191
20_bangalore,CatBoost,5,0.9725856314799902
20_bangalore,CatBoost,6,1.0
20_bangalore,CatBoost,7,0.9946084293615854
20_bangalore,CatBoost,8,0.9857373830774626
20_bangalore,CatBoost,9,0.9543949242039417
20_bangalore,TabPFNReg,0,0.7847363967692557
20_bangalore,TabPFNReg,1,1.0
20_bangalore,TabPFNReg,2,0.9835263659840354
20_bangalore,TabPFNReg,3,1.0
20_bangalore,TabPFNReg,4,1.0
20_bangalore,TabPFNReg,5,1.0
20_bangalore,TabPFNReg,6,0.9371704150092589
20_bangalore,TabPFNReg,7,0.9996251048219861
20_bangalore,TabPFNReg,8,1.0
20_bangalore,TabPFNReg,9,1.0
21_delhi,Linear,0,0.9997928586061458
21_delhi,Linear,1,0.9049501718144133
21_delhi,Linear,2,0.9969388034571823
21_delhi,Linear,3,0.8621981214392919
21_delhi,Linear,4,0.7429244190266479
21_delhi,Linear,5,1.0
21_delhi,Linear,6,0.5363425810705804
21_delhi,Linear,7,0.7925998953011324
21_delhi,Linear,8,0.7687771497467023
21_delhi,Linear,9,0.9990032786204264
21_delhi,Ridge,0,1.0
21_delhi,Ridge,1,0.9053150947978896
21_delhi,Ridge,2,0.9971364302138869
21_delhi,Ridge,3,0.8625497906951639
21_delhi,Ridge,4,0.7434207604877355
21_delhi,Ridge,5,0.9997700417033589
21_delhi,Ridge,6,0.5399362010848573
21_delhi,Ridge,7,0.7926244929638572
21_delhi,Ridge,8,0.7707316138548485
21_delhi,Ridge,9,0.9998679513972072
21_delhi,Lasso,0,0.9996119488910197
21_delhi,Lasso,1,0.9055179986103075
21_delhi,Lasso,2,0.9968547796695539
21_delhi,Lasso,3,0.8623652652145476
21_delhi,Lasso,4,0.7431890050491058
21_delhi,Lasso,5,0.999370944923772
21_delhi,Lasso,6,0.5399887364311268
21_delhi,Lasso,7,0.7919683531170997
21_delhi,Lasso,8,0.7707538763451278
21_delhi,Lasso,9,1.0
21_delhi,ElasticNet,0,0.9002390676045741
21_delhi,ElasticNet,1,0.9576791506081712
21_delhi,ElasticNet,2,1.0
21_delhi,ElasticNet,3,0.6999055506636941
21_delhi,ElasticNet,4,0.5807078317002294
21_delhi,ElasticNet,5,0.9449419090334131
21_delhi,ElasticNet,6,0.7826844070299325
21_delhi,ElasticNet,7,0.6766355896436805
21_delhi,ElasticNet,8,1.0
21_delhi,ElasticNet,9,0.8331327778427016
21_delhi,KNN,0,0.8210903057283417
21_delhi,KNN,1,0.9667787236258945
21_delhi,KNN,2,0.8914233568600586
21_delhi,KNN,3,0.5659311757392429
21_delhi,KNN,4,0.6249066753400412
21_delhi,KNN,5,0.7549436207710205
21_delhi,KNN,6,0.4630665860513145
21_delhi,KNN,7,0.2441055782278102
21_delhi,KNN,8,0.9076301731534507
21_delhi,KNN,9,0.9818468093978179
21_delhi,RandomForest,0,0.9739735556733127
21_delhi,RandomForest,1,0.48297174766358586
21_delhi,RandomForest,2,0.5908093521909993
21_delhi,RandomForest,3,0.7253154472799237
21_delhi,RandomForest,4,0.9272837862260563
21_delhi,RandomForest,5,0.7817643077975001
21_delhi,RandomForest,6,0.13659627566201574
21_delhi,RandomForest,7,0.5511486750453592
21_delhi,RandomForest,8,0.01924412069317303
21_delhi,RandomForest,9,0.7450093141849851
21_delhi,SVR,0,0.18239835253262118
21_delhi,SVR,1,0.8365391772549802
21_delhi,SVR,2,0.59138627682982
21_delhi,SVR,3,0.09385690492505104
21_delhi,SVR,4,0.08732263585971588
21_delhi,SVR,5,0.6953688447753936
21_delhi,SVR,6,0.31914830476641776
21_delhi,SVR,7,0.15398361030486102
21_delhi,SVR,8,0.5099987083632362
21_delhi,SVR,9,0.10064291159676188
21_delhi,MLP,0,0.0
21_delhi,MLP,1,0.7700601434364873
21_delhi,MLP,2,0.4860873282215786
21_delhi,MLP,3,0.0
21_delhi,MLP,4,0.0
21_delhi,MLP,5,0.6572231272346123
21_delhi,MLP,6,0.05355101912568982
21_delhi,MLP,7,0.0
21_delhi,MLP,8,0.3867798848721986
21_delhi,MLP,9,0.0
21_delhi,XGBoost,0,0.8831509536496119
21_delhi,XGBoost,1,0.0
21_delhi,XGBoost,2,0.0
21_delhi,XGBoost,3,0.42218672054721357
21_delhi,XGBoost,4,0.8327579189489053
21_delhi,XGBoost,5,0.0
21_delhi,XGBoost,6,0.0
21_delhi,XGBoost,7,0.4685443255599514
21_delhi,XGBoost,8,0.8207367152824951
21_delhi,XGBoost,9,0.23277391394991487
21_delhi,LightGBM,0,0.9552479236394698
21_delhi,LightGBM,1,0.8426818113361332
21_delhi,LightGBM,2,0.9087987083064796
21_delhi,LightGBM,3,1.0
21_delhi,LightGBM,4,1.0
21_delhi,LightGBM,5,0.8367339952594542
21_delhi,LightGBM,6,0.3601798342345289
21_delhi,LightGBM,7,0.8106952934953645
21_delhi,LightGBM,8,0.860442962373253
21_delhi,LightGBM,9,0.901204506307476
21_delhi,CatBoost,0,0.5709161026041548
21_delhi,CatBoost,1,0.5368945167268611
21_delhi,CatBoost,2,0.8360500409574735
21_delhi,CatBoost,3,0.16332120554678992
21_delhi,CatBoost,4,0.5441356314356889
21_delhi,CatBoost,5,0.5372356817446328
21_delhi,CatBoost,6,0.37443564968055304
21_delhi,CatBoost,7,1.0
21_delhi,CatBoost,8,0.0
21_delhi,CatBoost,9,0.4566567200479339
21_delhi,TabPFNReg,0,0.8315120418395939
21_delhi,TabPFNReg,1,1.0
21_delhi,TabPFNReg,2,0.9008736213090313
21_delhi,TabPFNReg,3,0.4137460874858446
21_delhi,TabPFNReg,4,0.3867916043799381
21_delhi,TabPFNReg,5,0.8398760002185568
21_delhi,TabPFNReg,6,1.0
21_delhi,TabPFNReg,7,0.7322850259320434
21_delhi,TabPFNReg,8,0.8805489894120008
21_delhi,TabPFNReg,9,0.5046185061193438
23_spp,Linear,0,0.9967198944073834
23_spp,Linear,1,1.0
23_spp,Linear,2,0.9585787314257372
23_spp,Linear,3,0.9766081678400513
23_spp,Linear,4,0.9928998860005119
23_spp,Linear,5,0.9843896728934539
23_spp,Linear,6,0.9904202225837367
23_spp,Linear,7,0.9978639070404731
23_spp,Linear,8,0.94797225636728
23_spp,Linear,9,0.990210586135967
23_spp,Ridge,0,0.9978267013529949
23_spp,Ridge,1,0.9999761171423006
23_spp,Ridge,2,0.9667135673424666
23_spp,Ridge,3,0.9767991465312139
23_spp,Ridge,4,1.0
23_spp,Ridge,5,0.9852004045918296
23_spp,Ridge,6,0.9924511547300404
23_spp,Ridge,7,1.0
23_spp,Ridge,8,0.9483494566199508
23_spp,Ridge,9,1.0
23_spp,Lasso,0,0.9978891467215166
23_spp,Lasso,1,0.9995845973394472
23_spp,Lasso,2,0.9665372644206907
23_spp,Lasso,3,0.9771609431398636
23_spp,Lasso,4,0.9998465713876188
23_spp,Lasso,5,0.9853819195807465
23_spp,Lasso,6,0.9920960112129505
23_spp,Lasso,7,0.9999171485733352
23_spp,Lasso,8,0.9488989280381687
23_spp,Lasso,9,0.9997993103202845
23_spp,ElasticNet,0,1.0
23_spp,ElasticNet,1,0.9847531380314374
23_spp,ElasticNet,2,0.9807920424246123
23_spp,ElasticNet,3,0.9884374320264064
23_spp,ElasticNet,4,0.9935360670161686
23_spp,ElasticNet,5,0.9920778794343236
23_spp,ElasticNet,6,0.9867030178088472
23_spp,ElasticNet,7,0.990430818077324
23_spp,ElasticNet,8,0.975478856436338
23_spp,ElasticNet,9,0.9967018837069568
23_spp,KNN,0,0.788737699618673
23_spp,KNN,1,0.8120061256013812
23_spp,KNN,2,0.8896713807176292
23_spp,KNN,3,0.8774603572454504
23_spp,KNN,4,0.8171417251782429
23_spp,KNN,5,0.874145239337496
23_spp,KNN,6,0.8803920673467651
23_spp,KNN,7,0.8538683116726186
23_spp,KNN,8,0.8180459455874429
23_spp,KNN,9,0.8705567400786284
23_spp,RandomForest,0,0.7358301484252949
23_spp,RandomForest,1,0.7395903095799337
23_spp,RandomForest,2,0.8734890337536133
23_spp,RandomForest,3,0.7936283153674724
23_spp,RandomForest,4,0.803741967194032
23_spp,RandomForest,5,0.831505365686199
23_spp,RandomForest,6,0.8862233160886231
23_spp,RandomForest,7,0.8185008516111242
23_spp,RandomForest,8,0.7052332545560026
23_spp,RandomForest,9,0.8364200448632658
23_spp,SVR,0,0.9631232675233232
23_spp,SVR,1,0.9352924246735331
23_spp,SVR,2,0.9862250660221541
23_spp,SVR,3,1.0
23_spp,SVR,4,0.9665381156620161
23_spp,SVR,5,0.9554407940477211
23_spp,SVR,6,0.9617301914465326
23_spp,SVR,7,0.956517954327778
23_spp,SVR,8,1.0
23_spp,SVR,9,0.9647602551790181
23_spp,MLP,0,0.0
23_spp,MLP,1,0.0
23_spp,MLP,2,0.0
23_spp,MLP,3,0.0
23_spp,MLP,4,0.0
23_spp,MLP,5,0.0
23_spp,MLP,6,0.0
23_spp,MLP,7,0.0
23_spp,MLP,8,0.0
23_spp,MLP,9,0.0
23_spp,XGBoost,0,0.7389376330514961
23_spp,XGBoost,1,0.7487803339270355
23_spp,XGBoost,2,0.8644012263612779
23_spp,XGBoost,3,0.7887416841606959
23_spp,XGBoost,4,0.8025369893968157
23_spp,XGBoost,5,0.8187248690140501
23_spp,XGBoost,6,0.8885468404897551
23_spp,XGBoost,7,0.8185314746731321
23_spp,XGBoost,8,0.6907023601566109
23_spp,XGBoost,9,0.8296863541852881
23_spp,LightGBM,0,0.8158391127389681
23_spp,LightGBM,1,0.8303471827756476
23_spp,LightGBM,2,0.9020469152101571
23_spp,LightGBM,3,0.8507577972220102
23_spp,LightGBM,4,0.8614865465342797
23_spp,LightGBM,5,0.8938427341296847
23_spp,LightGBM,6,0.9340777229529639
23_spp,LightGBM,7,0.8882978140465343
23_spp,LightGBM,8,0.7509514097146824
23_spp,LightGBM,9,0.8725797921114812
23_spp,CatBoost,0,0.739896685541427
23_spp,CatBoost,1,0.7513241679381505
23_spp,CatBoost,2,0.8652410764720425
23_spp,CatBoost,3,0.7907919337803002
23_spp,CatBoost,4,0.8035081479210964
23_spp,CatBoost,5,0.8189485542138285
23_spp,CatBoost,6,0.8889027533453573
23_spp,CatBoost,7,0.8193252162806562
23_spp,CatBoost,8,0.6928431684811881
23_spp,CatBoost,9,0.8328374352975662
23_spp,TabPFNReg,0,0.9912173868240414
23_spp,TabPFNReg,1,0.9914481558376731
23_spp,TabPFNReg,2,1.0
23_spp,TabPFNReg,3,0.9549415768122399
23_spp,TabPFNReg,4,0.9891679253189446
23_spp,TabPFNReg,5,1.0
23_spp,TabPFNReg,6,1.0
23_spp,TabPFNReg,7,0.999547409658592
23_spp,TabPFNReg,8,0.9523945626251862
23_spp,TabPFNReg,9,0.9888733760278127
24_mutual_funds,Linear,0,0.9573606806081512
24_mutual_funds,Linear,1,0.9630942525160893
24_mutual_funds,Linear,2,0.9878963442262854
24_mutual_funds,Linear,3,0.9602289504050846
24_mutual_funds,Linear,4,0.9940720916340821
24_mutual_funds,Linear,5,0.9753139789529532
24_mutual_funds,Linear,6,0.9853783184969431
24_mutual_funds,Linear,7,0.9751788014710591
24_mutual_funds,Linear,8,0.9660981466486602
24_mutual_funds,Linear,9,0.9411519321295568
24_mutual_funds,Ridge,0,0.9577557869922446
24_mutual_funds,Ridge,1,0.9635905524307214
24_mutual_funds,Ridge,2,0.988024494612189
24_mutual_funds,Ridge,3,0.9602843694830915
24_mutual_funds,Ridge,4,0.9940700484250851
24_mutual_funds,Ridge,5,0.9753772198060862
24_mutual_funds,Ridge,6,0.9853988050654083
24_mutual_funds,Ridge,7,0.9752095917210226
24_mutual_funds,Ridge,8,0.9664794974171996
24_mutual_funds,Ridge,9,0.9416140329560768
24_mutual_funds,Lasso,0,0.9461208886109772
24_mutual_funds,Lasso,1,0.9300212789306198
24_mutual_funds,Lasso,2,0.9763622050389666
24_mutual_funds,Lasso,3,0.9382203559594483
24_mutual_funds,Lasso,4,0.9820670355968991
24_mutual_funds,Lasso,5,0.9540813812190491
24_mutual_funds,Lasso,6,0.9756853399630473
24_mutual_funds,Lasso,7,0.9633847654235153
24_mutual_funds,Lasso,8,0.9700811560745415
24_mutual_funds,Lasso,9,0.9669529437749571
24_mutual_funds,ElasticNet,0,0.9443522297967384
24_mutual_funds,ElasticNet,1,0.912029468947891
24_mutual_funds,ElasticNet,2,0.9749419023925773
24_mutual_funds,ElasticNet,3,0.9293245698746068
24_mutual_funds,ElasticNet,4,0.9795635317231414
24_mutual_funds,ElasticNet,5,0.9482939862242564
24_mutual_funds,ElasticNet,6,0.9742147325212721
24_mutual_funds,ElasticNet,7,0.9593744681185404
24_mutual_funds,ElasticNet,8,0.9680815455721328
24_mutual_funds,ElasticNet,9,0.9687823895782158
24_mutual_funds,KNN,0,0.7796076174726972
24_mutual_funds,KNN,1,0.8398173559678954
24_mutual_funds,KNN,2,0.9221871478137765
24_mutual_funds,KNN,3,0.8062628480913409
24_mutual_funds,KNN,4,0.9399143529108063
24_mutual_funds,KNN,5,0.8595167267649011
24_mutual_funds,KNN,6,0.9268220308509805
24_mutual_funds,KNN,7,0.9023035238547957
24_mutual_funds,KNN,8,0.8787852666396339
24_mutual_funds,KNN,9,0.8464446488048842
24_mutual_funds,RandomForest,0,0.9796104955496472
24_mutual_funds,RandomForest,1,0.9583808436939898
24_mutual_funds,RandomForest,2,0.9974603116354686
24_mutual_funds,RandomForest,3,0.981947570715659
24_mutual_funds,RandomForest,4,0.9979340700644219
24_mutual_funds,RandomForest,5,0.9888743413494383
24_mutual_funds,RandomForest,6,0.9914986960729111
24_mutual_funds,RandomForest,7,0.9901469114124922
24_mutual_funds,RandomForest,8,0.9870606417460474
24_mutual_funds,RandomForest,9,0.9900077773312032
24_mutual_funds,SVR,0,0.7872416881065868
24_mutual_funds,SVR,1,0.8382825356818411
24_mutual_funds,SVR,2,0.9040979862192656
24_mutual_funds,SVR,3,0.7984338339445429
24_mutual_funds,SVR,4,0.9159700396188759
24_mutual_funds,SVR,5,0.8645202787985049
24_mutual_funds,SVR,6,0.9259114338233481
24_mutual_funds,SVR,7,0.8810684863803141
24_mutual_funds,SVR,8,0.8572852382861372
24_mutual_funds,SVR,9,0.8856272153046837
24_mutual_funds,MLP,0,0.0
24_mutual_funds,MLP,1,0.0
24_mutual_funds,MLP,2,0.0
24_mutual_funds,MLP,3,0.0
24_mutual_funds,MLP,4,0.0
24_mutual_funds,MLP,5,0.0
24_mutual_funds,MLP,6,0.0
24_mutual_funds,MLP,7,0.0
24_mutual_funds,MLP,8,0.0
24_mutual_funds,MLP,9,0.0
24_mutual_funds,XGBoost,0,0.9758104453455859
24_mutual_funds,XGBoost,1,0.9727352173924027
24_mutual_funds,XGBoost,2,0.9931095021041055
24_mutual_funds,XGBoost,3,0.9548945145414852
24_mutual_funds,XGBoost,4,0.9962370513036596
24_mutual_funds,XGBoost,5,0.9917012404858147
24_mutual_funds,XGBoost,6,0.9949341975103995
24_mutual_funds,XGBoost,7,0.9842894661205095
24_mutual_funds,XGBoost,8,0.9863434157431703
24_mutual_funds,XGBoost,9,0.9932112840632337
24_mutual_funds,LightGBM,0,0.9899933934596364
24_mutual_funds,LightGBM,1,0.9594634948885091
24_mutual_funds,LightGBM,2,0.9978313168847509
24_mutual_funds,LightGBM,3,0.9826242002751682
24_mutual_funds,LightGBM,4,0.9972865898427998
24_mutual_funds,LightGBM,5,0.9850320067566444
24_mutual_funds,LightGBM,6,0.9921789773047685
24_mutual_funds,LightGBM,7,0.9924516900241604
24_mutual_funds,LightGBM,8,0.9919809485267154
24_mutual_funds,LightGBM,9,0.9851661240224522
24_mutual_funds,CatBoost,0,0.9910746154231654
24_mutual_funds,CatBoost,1,0.9777585860162268
24_mutual_funds,CatBoost,2,0.9971119598596134
24_mutual_funds,CatBoost,3,0.9751050160130106
24_mutual_funds,CatBoost,4,0.9978347153853936
24_mutual_funds,CatBoost,5,0.9913559224550376
24_mutual_funds,CatBoost,6,0.9956764573793013
24_mutual_funds,CatBoost,7,0.990351545731428
24_mutual_funds,CatBoost,8,0.9948229076761113
24_mutual_funds,CatBoost,9,0.9923602871111634
24_mutual_funds,TabPFNReg,0,1.0
24_mutual_funds,TabPFNReg,1,1.0
24_mutual_funds,TabPFNReg,2,1.0
24_mutual_funds,TabPFNReg,3,1.0
24_mutual_funds,TabPFNReg,4,1.0
24_mutual_funds,TabPFNReg,5,1.0
24_mutual_funds,TabPFNReg,6,1.0
24_mutual_funds,TabPFNReg,7,1.0
24_mutual_funds,TabPFNReg,8,1.0
24_mutual_funds,TabPFNReg,9,1.0
25_tesla,Linear,0,0.9995929950979908
25_tesla,Linear,1,1.0
25_tesla,Linear,2,1.0
25_tesla,Linear,3,1.0
25_tesla,Linear,4,0.9995336855020315
25_tesla,Linear,5,1.0
25_tesla,Linear,6,0.9995564038938258
25_tesla,Linear,7,1.0
25_tesla,Linear,8,1.0
25_tesla,Linear,9,1.0
25_tesla,Ridge,0,0.9879063609850329
25_tesla,Ridge,1,0.9891480905352893
25_tesla,Ridge,2,0.9898333395715379
25_tesla,Ridge,3,0.994790603549742
25_tesla,Ridge,4,0.9939759544141791
25_tesla,Ridge,5,0.9965870058158064
25_tesla,Ridge,6,0.9894159847440835
25_tesla,Ridge,7,0.9982976513660822
25_tesla,Ridge,8,0.9905901067291307
25_tesla,Ridge,9,0.99000649911384
25_tesla,Lasso,0,0.9720182710437256
25_tesla,Lasso,1,0.9748265953732698
25_tesla,Lasso,2,0.9732683145278738
25_tesla,Lasso,3,0.9815898133007068
25_tesla,Lasso,4,0.9801343303105694
25_tesla,Lasso,5,0.9832894437356426
25_tesla,Lasso,6,0.9724126214295058
25_tesla,Lasso,7,0.9859906042340023
25_tesla,Lasso,8,0.9682622849737375
25_tesla,Lasso,9,0.9705645701842864
25_tesla,ElasticNet,0,0.0
25_tesla,ElasticNet,1,0.0
25_tesla,ElasticNet,2,0.0
25_tesla,ElasticNet,3,0.0
25_tesla,ElasticNet,4,0.0
25_tesla,ElasticNet,5,0.0928066257184901
25_tesla,ElasticNet,6,0.0
25_tesla,ElasticNet,7,0.0
25_tesla,ElasticNet,8,0.0
25_tesla,ElasticNet,9,0.0
25_tesla,KNN,0,0.870245112475445
25_tesla,KNN,1,0.8665461737348298
25_tesla,KNN,2,0.8305902415247965
25_tesla,KNN,3,0.8754365451627618
25_tesla,KNN,4,0.9082451591084008
25_tesla,KNN,5,0.8398818726620685
25_tesla,KNN,6,0.892655701944547
25_tesla,KNN,7,0.7632862225207127
25_tesla,KNN,8,0.8439821040730308
25_tesla,KNN,9,0.909219158988558
25_tesla,RandomForest,0,0.9894891007483463
25_tesla,RandomForest,1,0.988542430412413
25_tesla,RandomForest,2,0.9895706318118832
25_tesla,RandomForest,3,0.9935728192956464
25_tesla,RandomForest,4,0.9949547264241594
25_tesla,RandomForest,5,0.9904119588226955
25_tesla,RandomForest,6,0.9902730793635596
25_tesla,RandomForest,7,0.9965715127598226
25_tesla,RandomForest,8,0.991898559176538
25_tesla,RandomForest,9,0.992170042100066
25_tesla,SVR,0,0.2262267673900995
25_tesla,SVR,1,0.4568093429640451
25_tesla,SVR,2,0.29464664436762883
25_tesla,SVR,3,0.2784267953730696
25_tesla,SVR,4,0.5059219462244677
25_tesla,SVR,5,0.0
25_tesla,SVR,6,0.26502455145528164
25_tesla,SVR,7,0.03514673429321567
25_tesla,SVR,8,0.1487543247890169
25_tesla,SVR,9,0.5254387816203646
25_tesla,MLP,0,0.9037213860611022
25_tesla,MLP,1,0.9325652424248209
25_tesla,MLP,2,0.9291044066930698
25_tesla,MLP,3,0.8757592077069917
25_tesla,MLP,4,0.9064915208538366
25_tesla,MLP,5,0.9068318230030868
25_tesla,MLP,6,0.8723355453471942
25_tesla,MLP,7,0.9125840045840896
25_tesla,MLP,8,0.9076880235929518
25_tesla,MLP,9,0.8949783961514114
25_tesla,XGBoost,0,0.9832464395197605
25_tesla,XGBoost,1,0.9817169130503177
25_tesla,XGBoost,2,0.9777879508298943
25_tesla,XGBoost,3,0.9622905669490156
25_tesla,XGBoost,4,0.9938324418441251
25_tesla,XGBoost,5,0.9845760422548415
25_tesla,XGBoost,6,0.9782505627627619
25_tesla,XGBoost,7,0.991347019761857
25_tesla,XGBoost,8,0.9903591680884168
25_tesla,XGBoost,9,0.9851122032275332
25_tesla,LightGBM,0,0.9844856126264291
25_tesla,LightGBM,1,0.9883869947714242
25_tesla,LightGBM,2,0.9822460709858203
25_tesla,LightGBM,3,0.9930443320286796
25_tesla,LightGBM,4,0.9941718694114096
25_tesla,LightGBM,5,0.9909639833401966
25_tesla,LightGBM,6,0.9872551504251892
25_tesla,LightGBM,7,0.9974259937071097
25_tesla,LightGBM,8,0.990508870093361
25_tesla,LightGBM,9,0.9863197994548748
25_tesla,CatBoost,0,0.9844338793335745
25_tesla,CatBoost,1,0.9856358518751938
25_tesla,CatBoost,2,0.9796713190747066
25_tesla,CatBoost,3,0.9837420499048773
25_tesla,CatBoost,4,0.9864553105672216
25_tesla,CatBoost,5,0.977520163444899
25_tesla,CatBoost,6,0.9779697175960778
25_tesla,CatBoost,7,0.9969537890331728
25_tesla,CatBoost,8,0.9849032190347611
25_tesla,CatBoost,9,0.983279189381645
25_tesla,TabPFNReg,0,1.0
25_tesla,TabPFNReg,1,0.9976099579863806
25_tesla,TabPFNReg,2,0.9992901357613684
25_tesla,TabPFNReg,3,0.9989611288280399
25_tesla,TabPFNReg,4,1.0
25_tesla,TabPFNReg,5,0.9995287317040639
25_tesla,TabPFNReg,6,1.0
25_tesla,TabPFNReg,7,0.9992914337247725
25_tesla,TabPFNReg,8,0.9994278497104122
25_tesla,TabPFNReg,9,0.998664566406469
26_sandp,Linear,0,1.0
26_sandp,Linear,1,1.0
26_sandp,Linear,2,1.0
26_sandp,Linear,3,1.0
26_sandp,Linear,4,1.0
26_sandp,Linear,5,1.0
26_sandp,Linear,6,1.0
26_sandp,Linear,7,1.0
26_sandp,Linear,8,1.0
26_sandp,Linear,9,1.0
26_sandp,Ridge,0,0.9999951010021818
26_sandp,Ridge,1,0.9999763500745833
26_sandp,Ridge,2,0.9999777634527243
26_sandp,Ridge,3,0.9999334486564999
26_sandp,Ridge,4,0.9999859279574769
26_sandp,Ridge,5,0.99992817027163
26_sandp,Ridge,6,0.9999830892708211
26_sandp,Ridge,7,0.999928954971626
26_sandp,Ridge,8,0.9999664551909307
26_sandp,Ridge,9,0.9999942765696529
26_sandp,Lasso,0,0.9997780305921407
26_sandp,Lasso,1,0.9997132385339049
26_sandp,Lasso,2,0.9998099704506301
26_sandp,Lasso,3,0.9996616686277423
26_sandp,Lasso,4,0.9998566951400771
26_sandp,Lasso,5,0.9995337747727481
26_sandp,Lasso,6,0.9997238767407497
26_sandp,Lasso,7,0.9995826769991706
26_sandp,Lasso,8,0.9996739991316606
26_sandp,Lasso,9,0.9997706334315034
26_sandp,ElasticNet,0,0.9796147205552588
26_sandp,ElasticNet,1,0.9793196038044876
26_sandp,ElasticNet,2,0.979260100839697
26_sandp,ElasticNet,3,0.9798335355876501
26_sandp,ElasticNet,4,0.9790233039818962
26_sandp,ElasticNet,5,0.9782721288304539
26_sandp,ElasticNet,6,0.9780320014994092
26_sandp,ElasticNet,7,0.9787195755296727
26_sandp,ElasticNet,8,0.9792375910697976
26_sandp,ElasticNet,9,0.9786049217610593
26_sandp,KNN,0,0.9850911672419794
26_sandp,KNN,1,0.9832040159284694
26_sandp,KNN,2,0.9880496435638567
26_sandp,KNN,3,0.9895675533226064
26_sandp,KNN,4,0.9876946310035833
26_sandp,KNN,5,0.990244195239077
26_sandp,KNN,6,0.9785850582855722
26_sandp,KNN,7,0.9909842525115592
26_sandp,KNN,8,0.9877170449493516
26_sandp,KNN,9,0.9833085529510247
26_sandp,RandomForest,0,0.9999703372309243
26_sandp,RandomForest,1,0.9998542235682841
26_sandp,RandomForest,2,0.9999109166472238
26_sandp,RandomForest,3,0.9998707186990681
26_sandp,RandomForest,4,0.9989604764135772
26_sandp,RandomForest,5,0.9992575427795609
26_sandp,RandomForest,6,0.9992786047177674
26_sandp,RandomForest,7,0.9989571255743135
26_sandp,RandomForest,8,0.9999050427226215
26_sandp,RandomForest,9,0.9996669662269794
26_sandp,SVR,0,0.0
26_sandp,SVR,1,0.0
26_sandp,SVR,2,0.0
26_sandp,SVR,3,0.0
26_sandp,SVR,4,0.0
26_sandp,SVR,5,0.0
26_sandp,SVR,6,0.0
26_sandp,SVR,7,0.0
26_sandp,SVR,8,0.0
26_sandp,SVR,9,0.0
26_sandp,MLP,0,0.9999059118034476
26_sandp,MLP,1,0.9997769086189054
26_sandp,MLP,2,0.9998933580931662
26_sandp,MLP,3,0.9998166834720704
26_sandp,MLP,4,0.9998598103168241
26_sandp,MLP,5,0.9997665340282117
26_sandp,MLP,6,0.9998533429847983
26_sandp,MLP,7,0.9997144859679299
26_sandp,MLP,8,0.9998450722929799
26_sandp,MLP,9,0.9999423658913438
26_sandp,XGBoost,0,0.9975170106785477
26_sandp,XGBoost,1,0.9917986878232083
26_sandp,XGBoost,2,0.9942887298059779
26_sandp,XGBoost,3,0.9868039564030221
26_sandp,XGBoost,4,0.987723160966456
26_sandp,XGBoost,5,0.996169551636904
26_sandp,XGBoost,6,0.990657296778444
26_sandp,XGBoost,7,0.9901942040908592
26_sandp,XGBoost,8,0.9908664433766616
26_sandp,XGBoost,9,0.9793731720981492
26_sandp,LightGBM,0,0.9935907540320899
26_sandp,LightGBM,1,0.9882834627493314
26_sandp,LightGBM,2,0.9716376363332881
26_sandp,LightGBM,3,0.9814999667623352
26_sandp,LightGBM,4,0.940470779503127
26_sandp,LightGBM,5,0.9856994280801403
26_sandp,LightGBM,6,0.9649256449981106
26_sandp,LightGBM,7,0.9622774652425682
26_sandp,LightGBM,8,0.9916450157562622
26_sandp,LightGBM,9,0.9821109161450017
26_sandp,CatBoost,0,0.9968220453673529
26_sandp,CatBoost,1,0.9955988569870696
26_sandp,CatBoost,2,0.9925677402239813
26_sandp,CatBoost,3,0.9896858275986585
26_sandp,CatBoost,4,0.9893804246635901
26_sandp,CatBoost,5,0.9939601576983282
26_sandp,CatBoost,6,0.9835955313275986
26_sandp,CatBoost,7,0.9882484122543066
26_sandp,CatBoost,8,0.9915965500617477
26_sandp,CatBoost,9,0.9889536911552278
26_sandp,TabPFNReg,0,0.9254417521379147
26_sandp,TabPFNReg,1,0.9544585149963374
26_sandp,TabPFNReg,2,0.949237961889817
26_sandp,TabPFNReg,3,0.9280763261990456
26_sandp,TabPFNReg,4,0.9139948838115173
26_sandp,TabPFNReg,5,0.8748342090559016
26_sandp,TabPFNReg,6,0.9157645441850444
26_sandp,TabPFNReg,7,0.9139632392075722
26_sandp,TabPFNReg,8,0.9443403767241181
26_sandp,TabPFNReg,9,0.8972198514683809
28_gs,Linear,0,0.9935347740238485
28_gs,Linear,1,0.9939023569911276
28_gs,Linear,2,0.9894199568505417
28_gs,Linear,3,0.993942772797814
28_gs,Linear,4,0.9950374306792777
28_gs,Linear,5,0.9934333157992212
28_gs,Linear,6,0.993840226109788
28_gs,Linear,7,0.9940493793127733
28_gs,Linear,8,0.9924753733456505
28_gs,Linear,9,0.9921679560176945
28_gs,Ridge,0,0.9894367398031781
28_gs,Ridge,1,0.9898260282018638
28_gs,Ridge,2,0.9876327287451415
28_gs,Ridge,3,0.9927785934685297
28_gs,Ridge,4,0.9915188150247694
28_gs,Ridge,5,0.9906697007899741
28_gs,Ridge,6,0.9932781850251269
28_gs,Ridge,7,0.9928240230836458
28_gs,Ridge,8,0.9865735104240223
28_gs,Ridge,9,0.986898853276382
28_gs,Lasso,0,0.9555794361356884
28_gs,Lasso,1,0.9584561301944441
28_gs,Lasso,2,0.9519635610935459
28_gs,Lasso,3,0.9730928816409175
28_gs,Lasso,4,0.9592073480052123
28_gs,Lasso,5,0.9572871892456873
28_gs,Lasso,6,0.9742491152274837
28_gs,Lasso,7,0.9667224754132718
28_gs,Lasso,8,0.9540444632493921
28_gs,Lasso,9,0.9588404262212905
28_gs,ElasticNet,0,0.0
28_gs,ElasticNet,1,0.0
28_gs,ElasticNet,2,0.06542736383593274
28_gs,ElasticNet,3,0.285446030279791
28_gs,ElasticNet,4,0.20989390710488634
28_gs,ElasticNet,5,0.0
28_gs,ElasticNet,6,0.2774769169048629
28_gs,ElasticNet,7,0.22082370980935295
28_gs,ElasticNet,8,0.0
28_gs,ElasticNet,9,0.0
28_gs,KNN,0,0.9551494589417656
28_gs,KNN,1,0.9629866156228154
28_gs,KNN,2,0.9242251933495613
28_gs,KNN,3,0.9564355233542239
28_gs,KNN,4,0.9284714951543949
28_gs,KNN,5,0.9550144974608044
28_gs,KNN,6,0.9564956908085224
28_gs,KNN,7,0.9507527240901622
28_gs,KNN,8,0.9374863997251532
28_gs,KNN,9,0.9642550790268196
28_gs,RandomForest,0,0.9895467072643914
28_gs,RandomForest,1,0.9943430184235619
28_gs,RandomForest,2,0.9918166713039042
28_gs,RandomForest,3,0.9958947093446687
28_gs,RandomForest,4,0.9912574025555362
28_gs,RandomForest,5,0.9928947162164191
28_gs,RandomForest,6,0.9948362576524367
28_gs,RandomForest,7,0.9954909287771059
28_gs,RandomForest,8,0.9937351471603783
28_gs,RandomForest,9,0.9900351499010759
28_gs,SVR,0,0.10632467189060632
28_gs,SVR,1,0.2655493748965527
28_gs,SVR,2,0.0
28_gs,SVR,3,0.0
28_gs,SVR,4,0.0
28_gs,SVR,5,0.3482453096889577
28_gs,SVR,6,0.0
28_gs,SVR,7,0.0
28_gs,SVR,8,0.1452588154245933
28_gs,SVR,9,0.0818909058382386
28_gs,MLP,0,1.0
28_gs,MLP,1,1.0
28_gs,MLP,2,1.0
28_gs,MLP,3,1.0
28_gs,MLP,4,1.0
28_gs,MLP,5,1.0
28_gs,MLP,6,1.0
28_gs,MLP,7,1.0
28_gs,MLP,8,1.0
28_gs,MLP,9,1.0
28_gs,XGBoost,0,0.9844291994916301
28_gs,XGBoost,1,0.9778691707913489
28_gs,XGBoost,2,0.9880769982598923
28_gs,XGBoost,3,0.9886604411486472
28_gs,XGBoost,4,0.9868298761051932
28_gs,XGBoost,5,0.9872616087989962
28_gs,XGBoost,6,0.9877051815799287
28_gs,XGBoost,7,0.9865665831022344
28_gs,XGBoost,8,0.9829526116284085
28_gs,XGBoost,9,0.9746652312335752
28_gs,LightGBM,0,0.988590083452382
28_gs,LightGBM,1,0.9844913084485479
28_gs,LightGBM,2,0.9889757173527367
28_gs,LightGBM,3,0.9935568124719608
28_gs,LightGBM,4,0.9909461071741502
28_gs,LightGBM,5,0.9894905746145145
28_gs,LightGBM,6,0.9928631030133389
28_gs,LightGBM,7,0.9939864945616944
28_gs,LightGBM,8,0.9891589780967164
28_gs,LightGBM,9,0.987418566763398
28_gs,CatBoost,0,0.9833836405202683
28_gs,CatBoost,1,0.9850639117676632
28_gs,CatBoost,2,0.9928543898897516
28_gs,CatBoost,3,0.9915920877447769
28_gs,CatBoost,4,0.9880255961867074
28_gs,CatBoost,5,0.9872257701365106
28_gs,CatBoost,6,0.985070666824795
28_gs,CatBoost,7,0.9880920482802472
28_gs,CatBoost,8,0.9789707680384298
28_gs,CatBoost,9,0.9862815912651846
28_gs,TabPFNReg,0,0.981201214336881
28_gs,TabPFNReg,1,0.9885013203568589
28_gs,TabPFNReg,2,0.9885382479165223
28_gs,TabPFNReg,3,0.9728536414696466
28_gs,TabPFNReg,4,0.984442126336218
28_gs,TabPFNReg,5,0.991414591270625
28_gs,TabPFNReg,6,0.9843812489044134
28_gs,TabPFNReg,7,0.9789683354065353
28_gs,TabPFNReg,8,0.9934255658948046
28_gs,TabPFNReg,9,0.9904263213909031
29_yahoo,Linear,0,0.9999995776429207
29_yahoo,Linear,1,1.0
29_yahoo,Linear,2,0.9999912297797139
29_yahoo,Linear,3,0.9999994936169263
29_yahoo,Linear,4,0.9999960212666277
29_yahoo,Linear,5,0.9999989972253781
29_yahoo,Linear,6,0.9999987616357017
29_yahoo,Linear,7,0.9999927613433475
29_yahoo,Linear,8,0.9999950547544346
29_yahoo,Linear,9,1.0
29_yahoo,Ridge,0,0.9999997689275417
29_yahoo,Ridge,1,0.999996668128049
29_yahoo,Ridge,2,0.9999903227672278
29_yahoo,Ridge,3,0.9999953214826441
29_yahoo,Ridge,4,0.9999970399662454
29_yahoo,Ridge,5,1.0
29_yahoo,Ridge,6,1.0
29_yahoo,Ridge,7,0.9999933211855454
29_yahoo,Ridge,8,0.9999953255764404
29_yahoo,Ridge,9,0.9999992986665621
29_yahoo,Lasso,0,1.0
29_yahoo,Lasso,1,0.9999992574557205
29_yahoo,Lasso,2,0.9999908974289199
29_yahoo,Lasso,3,0.9999992746821277
29_yahoo,Lasso,4,0.9999968016087892
29_yahoo,Lasso,5,0.9999999963611281
29_yahoo,Lasso,6,0.9999997145309228
29_yahoo,Lasso,7,0.9999932960988448
29_yahoo,Lasso,8,0.9999952485290068
29_yahoo,Lasso,9,0.999999848864225
29_yahoo,ElasticNet,0,0.9995613321328453
29_yahoo,ElasticNet,1,0.9995415282836314
29_yahoo,ElasticNet,2,0.9995264649854433
29_yahoo,ElasticNet,3,0.9995694208594422
29_yahoo,ElasticNet,4,0.999570789745682
29_yahoo,ElasticNet,5,0.9994482809568551
29_yahoo,ElasticNet,6,0.999553934660457
29_yahoo,ElasticNet,7,0.9995211282858701
29_yahoo,ElasticNet,8,0.99961971239946
29_yahoo,ElasticNet,9,0.999528839100959
29_yahoo,KNN,0,0.9998825787036152
29_yahoo,KNN,1,0.99980867442088
29_yahoo,KNN,2,0.9999065272693288
29_yahoo,KNN,3,0.9998157395701479
29_yahoo,KNN,4,0.999917496290972
29_yahoo,KNN,5,0.9998978211053138
29_yahoo,KNN,6,0.9998399986884274
29_yahoo,KNN,7,0.9999032415142751
29_yahoo,KNN,8,0.9997521858871015
29_yahoo,KNN,9,0.9998785183495211
29_yahoo,RandomForest,0,0.9999683592309763
29_yahoo,RandomForest,1,0.9999769846010176
29_yahoo,RandomForest,2,0.9999844259753505
29_yahoo,RandomForest,3,0.9999721650738045
29_yahoo,RandomForest,4,0.9999748510744351
29_yahoo,RandomForest,5,0.9999432581812293
29_yahoo,RandomForest,6,0.9999652654074751
29_yahoo,RandomForest,7,0.9999679714195523
29_yahoo,RandomForest,8,0.9999898261624269
29_yahoo,RandomForest,9,0.9999775501474548
29_yahoo,SVR,0,0.9791947296624942
29_yahoo,SVR,1,0.9814636278153792
29_yahoo,SVR,2,0.9813730963971363
29_yahoo,SVR,3,0.978620066076462
29_yahoo,SVR,4,0.98297590590529
29_yahoo,SVR,5,0.9787619601742799
29_yahoo,SVR,6,0.9802784186956939
29_yahoo,SVR,7,0.9801996235396127
29_yahoo,SVR,8,0.9835106218402567
29_yahoo,SVR,9,0.9806919520423092
29_yahoo,MLP,0,0.0
29_yahoo,MLP,1,0.0
29_yahoo,MLP,2,0.0
29_yahoo,MLP,3,0.0
29_yahoo,MLP,4,0.0
29_yahoo,MLP,5,0.0
29_yahoo,MLP,6,0.0
29_yahoo,MLP,7,0.0
29_yahoo,MLP,8,0.0
29_yahoo,MLP,9,0.0
29_yahoo,XGBoost,0,0.999961819653657
29_yahoo,XGBoost,1,0.9999684321282586
29_yahoo,XGBoost,2,0.9999861003967528
29_yahoo,XGBoost,3,0.999928013403721
29_yahoo,XGBoost,4,0.999970272780199
29_yahoo,XGBoost,5,0.9999311137960153
29_yahoo,XGBoost,6,0.9999525001178611
29_yahoo,XGBoost,7,0.9999294687177928
29_yahoo,XGBoost,8,0.999992950475946
29_yahoo,XGBoost,9,0.9999691949678434
29_yahoo,LightGBM,0,0.9999652191118648
29_yahoo,LightGBM,1,0.9999397660302826
29_yahoo,LightGBM,2,0.9999876311129544
29_yahoo,LightGBM,3,0.9999422103621134
29_yahoo,LightGBM,4,0.9999855251378337
29_yahoo,LightGBM,5,0.9999133573549731
29_yahoo,LightGBM,6,0.9999731393363217
29_yahoo,LightGBM,7,0.9999366616117664
29_yahoo,LightGBM,8,1.0
29_yahoo,LightGBM,9,0.999955281804814
29_yahoo,CatBoost,0,0.999972379962566
29_yahoo,CatBoost,1,0.9999718065909394
29_yahoo,CatBoost,2,0.9999922036156177
29_yahoo,CatBoost,3,0.9999605588001033
29_yahoo,CatBoost,4,0.9999832966269305
29_yahoo,CatBoost,5,0.9999497099182985
29_yahoo,CatBoost,6,0.999970310162153
29_yahoo,CatBoost,7,0.9999536178299775
29_yahoo,CatBoost,8,0.9999974143940978
29_yahoo,CatBoost,9,0.9999838600762251
29_yahoo,TabPFNReg,0,0.9999965102937661
29_yahoo,TabPFNReg,1,0.9999953806579694
29_yahoo,TabPFNReg,2,1.0
29_yahoo,TabPFNReg,3,1.0
29_yahoo,TabPFNReg,4,1.0
29_yahoo,TabPFNReg,5,0.9999994173722638
29_yahoo,TabPFNReg,6,0.9999943520981406
29_yahoo,TabPFNReg,7,1.0
29_yahoo,TabPFNReg,8,0.9999970401654732
29_yahoo,TabPFNReg,9,0.999998316716317
30_netflix,Linear,0,1.0
30_netflix,Linear,1,1.0
30_netflix,Linear,2,0.9999697939283476
30_netflix,Linear,3,1.0
30_netflix,Linear,4,0.9999654229803949
30_netflix,Linear,5,0.9998299495581155
30_netflix,Linear,6,1.0
30_netflix,Linear,7,0.9999556445627408
30_netflix,Linear,8,1.0
30_netflix,Linear,9,0.9999990391056205
30_netflix,Ridge,0,0.9999071087171703
30_netflix,Ridge,1,0.9997853990371631
30_netflix,Ridge,2,0.9993094496077874
30_netflix,Ridge,3,0.9998891711642148
30_netflix,Ridge,4,0.9996541845026253
30_netflix,Ridge,5,0.9993313053909382
30_netflix,Ridge,6,0.9998599018879542
30_netflix,Ridge,7,0.9993511230960307
30_netflix,Ridge,8,0.9991535800645802
30_netflix,Ridge,9,0.9994468486984168
30_netflix,Lasso,0,0.9994871368995044
30_netflix,Lasso,1,0.999442042937005
30_netflix,Lasso,2,0.9986963511561188
30_netflix,Lasso,3,0.9994485104493053
30_netflix,Lasso,4,0.9992229981432897
30_netflix,Lasso,5,0.998847511161591
30_netflix,Lasso,6,0.9994097766729524
30_netflix,Lasso,7,0.9987631814781431
30_netflix,Lasso,8,0.9983044380100797
30_netflix,Lasso,9,0.9990680836061419
30_netflix,ElasticNet,0,0.9707820150503055
30_netflix,ElasticNet,1,0.9752573656893866
30_netflix,ElasticNet,2,0.9719083519250273
30_netflix,ElasticNet,3,0.9769930101193003
30_netflix,ElasticNet,4,0.9716025949373714
30_netflix,ElasticNet,5,0.9736973585072913
30_netflix,ElasticNet,6,0.9717817636325906
30_netflix,ElasticNet,7,0.9626223637909705
30_netflix,ElasticNet,8,0.972235358661427
30_netflix,ElasticNet,9,0.975107115429085
30_netflix,KNN,0,0.9940913222311641
30_netflix,KNN,1,0.9957916574752993
30_netflix,KNN,2,0.9961780419474671
30_netflix,KNN,3,0.9953484349791414
30_netflix,KNN,4,0.9945767042019197
30_netflix,KNN,5,0.9936424794477553
30_netflix,KNN,6,0.996957907567547
30_netflix,KNN,7,0.9900480977608056
30_netflix,KNN,8,0.9942687582850515
30_netflix,KNN,9,0.9936929381775619
30_netflix,RandomForest,0,0.9993360774420714
30_netflix,RandomForest,1,0.9987409348248674
30_netflix,RandomForest,2,0.9989126564668819
30_netflix,RandomForest,3,0.9990421464367383
30_netflix,RandomForest,4,0.9990375672844458
30_netflix,RandomForest,5,0.9987495321299711
30_netflix,RandomForest,6,0.9999489060346352
30_netflix,RandomForest,7,0.9983026906972569
30_netflix,RandomForest,8,0.9983116390094442
30_netflix,RandomForest,9,0.9988740637965842
30_netflix,SVR,0,0.9117657526605812
30_netflix,SVR,1,0.8348168588577316
30_netflix,SVR,2,0.9189315638435889
30_netflix,SVR,3,0.8685901173267221
30_netflix,SVR,4,0.8917362746423257
30_netflix,SVR,5,0.9062916105913648
30_netflix,SVR,6,0.8659850637257835
30_netflix,SVR,7,0.8069324144770066
30_netflix,SVR,8,0.8981470775841226
30_netflix,SVR,9,0.8870845900888799
30_netflix,MLP,0,0.0
30_netflix,MLP,1,0.0
30_netflix,MLP,2,0.0
30_netflix,MLP,3,0.0
30_netflix,MLP,4,0.0
30_netflix,MLP,5,0.0
30_netflix,MLP,6,0.0
30_netflix,MLP,7,0.0
30_netflix,MLP,8,0.0
30_netflix,MLP,9,0.0
30_netflix,XGBoost,0,0.9983121927247277
30_netflix,XGBoost,1,0.9986605660062782
30_netflix,XGBoost,2,0.9984405812077448
30_netflix,XGBoost,3,0.9990705822324087
30_netflix,XGBoost,4,0.9987529501562364
30_netflix,XGBoost,5,0.9983279654082956
30_netflix,XGBoost,6,0.9996944190874073
30_netflix,XGBoost,7,0.9978796830410851
30_netflix,XGBoost,8,0.9974906616392905
30_netflix,XGBoost,9,0.998429900988239
30_netflix,LightGBM,0,0.9988592340945635
30_netflix,LightGBM,1,0.9980042283640693
30_netflix,LightGBM,2,0.9990160777525694
30_netflix,LightGBM,3,0.9984769032847833
30_netflix,LightGBM,4,0.998009856317777
30_netflix,LightGBM,5,0.9985487115857885
30_netflix,LightGBM,6,0.999798190590307
30_netflix,LightGBM,7,0.9974322275769012
30_netflix,LightGBM,8,0.9986149542967284
30_netflix,LightGBM,9,0.9979573042530782
30_netflix,CatBoost,0,0.9994818151195173
30_netflix,CatBoost,1,0.9983336228850094
30_netflix,CatBoost,2,0.9990082538220711
30_netflix,CatBoost,3,0.9992896591701478
30_netflix,CatBoost,4,0.9980301035026848
30_netflix,CatBoost,5,0.9984911748814962
30_netflix,CatBoost,6,0.9996319550939211
30_netflix,CatBoost,7,0.9978127018852142
30_netflix,CatBoost,8,0.9973804554156637
30_netflix,CatBoost,9,0.9986915319954393
30_netflix,TabPFNReg,0,0.9999948166427617
30_netflix,TabPFNReg,1,0.9999136556004676
30_netflix,TabPFNReg,2,1.0
30_netflix,TabPFNReg,3,0.9996255469649882
30_netflix,TabPFNReg,4,1.0
30_netflix,TabPFNReg,5,1.0
30_netflix,TabPFNReg,6,0.9998937175523637
30_netflix,TabPFNReg,7,1.0
30_netflix,TabPFNReg,8,0.9999134875017358
30_netflix,TabPFNReg,9,1.0
