ds,method,split_number,zscore_norm
10_loan_repay,CatBoost,0,0.5425613150022857
10_loan_repay,CatBoost,1,0.5168865493316777
10_loan_repay,CatBoost,2,0.5203526426972095
10_loan_repay,CatBoost,3,0.5878130894967325
10_loan_repay,CatBoost,4,0.6470576112816602
10_loan_repay,CatBoost,5,0.6800320217918228
10_loan_repay,CatBoost,6,0.4836630933767798
10_loan_repay,CatBoost,7,0.7940032580853854
10_loan_repay,CatBoost,8,0.6626960663443243
10_loan_repay,CatBoost,9,0.6143996047361876
10_loan_repay,KNN,0,0.17308539027369116
10_loan_repay,KNN,1,0.4279555797401085
10_loan_repay,KNN,2,0.19030353000154224
10_loan_repay,KNN,3,0.26102146269552345
10_loan_repay,KNN,4,0.33310336731575557
10_loan_repay,KNN,5,0.4245544816127656
10_loan_repay,KNN,6,0.29165188870237313
10_loan_repay,KNN,7,0.4041865127737479
10_loan_repay,KNN,8,0.3154306900308591
10_loan_repay,KNN,9,0.19109059808629095
10_loan_repay,LightGBM,0,0.42673602837075447
10_loan_repay,LightGBM,1,0.5359179693850153
10_loan_repay,LightGBM,2,0.41290374836571414
10_loan_repay,LightGBM,3,0.6266782660306155
10_loan_repay,LightGBM,4,0.5709640245253955
10_loan_repay,LightGBM,5,0.614139407867477
10_loan_repay,LightGBM,6,0.5107991020181039
10_loan_repay,LightGBM,7,0.6188642658426725
10_loan_repay,LightGBM,8,0.6495856496203595
10_loan_repay,LightGBM,9,0.573011818607591
10_loan_repay,LogReg,0,0.4892219893215974
10_loan_repay,LogReg,1,0.6938498717163437
10_loan_repay,LogReg,2,0.5964462294534743
10_loan_repay,LogReg,3,0.6552735362962555
10_loan_repay,LogReg,4,0.6513902279885754
10_loan_repay,LogReg,5,0.6745728953475093
10_loan_repay,LogReg,6,0.49295318574692715
10_loan_repay,LogReg,7,0.6393599335458844
10_loan_repay,LogReg,8,0.6843860940126496
10_loan_repay,LogReg,9,0.6186090767725586
10_loan_repay,MLP,0,0.46117230782645807
10_loan_repay,MLP,1,0.3836666089583097
10_loan_repay,MLP,2,0.4589578592873677
10_loan_repay,MLP,3,0.7019374229025855
10_loan_repay,MLP,4,0.500679353502106
10_loan_repay,MLP,5,0.6724020146562033
10_loan_repay,MLP,6,0.4525045705133297
10_loan_repay,MLP,7,0.6716038967549881
10_loan_repay,MLP,8,0.6294380239195594
10_loan_repay,MLP,9,0.6325549612289335
10_loan_repay,RandomForest,0,0.5193096053418408
10_loan_repay,RandomForest,1,0.564978594778435
10_loan_repay,RandomForest,2,0.4329140188602456
10_loan_repay,RandomForest,3,0.596991818223975
10_loan_repay,RandomForest,4,0.5319704741631596
10_loan_repay,RandomForest,5,0.5929254340531719
10_loan_repay,RandomForest,6,0.5080695387959466
10_loan_repay,RandomForest,7,0.682011354186837
10_loan_repay,RandomForest,8,0.6134195368193222
10_loan_repay,RandomForest,9,0.5531533932757019
10_loan_repay,SVM,0,0.0898831027723761
10_loan_repay,SVM,1,0.07714200030833718
10_loan_repay,SVM,2,0.239984201574169
10_loan_repay,SVM,3,0.3418327876437628
10_loan_repay,SVM,4,0.40670971114768045
10_loan_repay,SVM,5,0.2446746690368329
10_loan_repay,SVM,6,0.26951209812265725
10_loan_repay,SVM,7,0.29094954494930336
10_loan_repay,SVM,8,0.29817506801916976
10_loan_repay,SVM,9,0.06440476981611076
10_loan_repay,TabPFN,0,0.6047744815678776
10_loan_repay,TabPFN,1,0.7228944503812192
10_loan_repay,TabPFN,2,0.5710121647110282
10_loan_repay,TabPFN,3,0.706221899423868
10_loan_repay,TabPFN,4,0.6514383681742082
10_loan_repay,TabPFN,5,0.6910141241125473
10_loan_repay,TabPFN,6,0.5374083528446263
10_loan_repay,TabPFN,7,0.7288608749881821
10_loan_repay,TabPFN,8,0.7037143186682017
10_loan_repay,TabPFN,9,0.6656844701564049
10_loan_repay,XGBoost,0,0.3861698986111935
10_loan_repay,XGBoost,1,0.3351733952979486
10_loan_repay,XGBoost,2,0.2848187611264686
10_loan_repay,XGBoost,3,0.37837118853874685
10_loan_repay,XGBoost,4,0.4596960088003981
10_loan_repay,XGBoost,5,0.5269210836226559
10_loan_repay,XGBoost,6,0.31449402303515833
10_loan_repay,XGBoost,7,0.553897468683737
10_loan_repay,XGBoost,8,0.5216305530644029
10_loan_repay,XGBoost,9,0.3743632985400569
11_bank_churn,CatBoost,0,0.5846193037469254
11_bank_churn,CatBoost,1,0.6604759208115206
11_bank_churn,CatBoost,2,0.6927214274784607
11_bank_churn,CatBoost,3,0.42887538128436686
11_bank_churn,CatBoost,4,0.5897748353361163
11_bank_churn,CatBoost,5,0.650656976557562
11_bank_churn,CatBoost,6,0.6557890739122564
11_bank_churn,CatBoost,7,0.6142177394469969
11_bank_churn,CatBoost,8,0.6874123721126632
11_bank_churn,CatBoost,9,0.6401839587474135
11_bank_churn,KNN,0,0.27611932372009024
11_bank_churn,KNN,1,0.38620164026656445
11_bank_churn,KNN,2,0.41992350370677184
11_bank_churn,KNN,3,0.0738115773133392
11_bank_churn,KNN,4,0.3010767834586729
11_bank_churn,KNN,5,0.34104387039215095
11_bank_churn,KNN,6,0.3701140382848391
11_bank_churn,KNN,7,0.23336809631113206
11_bank_churn,KNN,8,0.3267429972374485
11_bank_churn,KNN,9,0.34986328127033767
11_bank_churn,LightGBM,0,0.5552327736885373
11_bank_churn,LightGBM,1,0.6305035348907252
11_bank_churn,LightGBM,2,0.7119843682344374
11_bank_churn,LightGBM,3,0.4184237126990071
11_bank_churn,LightGBM,4,0.592376035365208
11_bank_churn,LightGBM,5,0.6245043708596661
11_bank_churn,LightGBM,6,0.6215282230786331
11_bank_churn,LightGBM,7,0.5875459163612428
11_bank_churn,LightGBM,8,0.6722654108540876
11_bank_churn,LightGBM,9,0.6163110306768306
11_bank_churn,LogReg,0,0.2784041615834816
11_bank_churn,LogReg,1,0.2402063593544765
11_bank_churn,LogReg,2,0.2308326655559467
11_bank_churn,LogReg,3,0.04513979140708887
11_bank_churn,LogReg,4,0.19436899667966986
11_bank_churn,LogReg,5,0.09580460638813786
11_bank_churn,LogReg,6,0.23940959538160098
11_bank_churn,LogReg,7,0.15851529474992146
11_bank_churn,LogReg,8,0.3364450492858378
11_bank_churn,LogReg,9,0.18123573663778644
11_bank_churn,MLP,0,0.5411487987562479
11_bank_churn,MLP,1,0.6410723746485657
11_bank_churn,MLP,2,0.6802778489609134
11_bank_churn,MLP,3,0.3938412007123651
11_bank_churn,MLP,4,0.5295957211495607
11_bank_churn,MLP,5,0.5949538011598037
11_bank_churn,MLP,6,0.6239653834662507
11_bank_churn,MLP,7,0.5584515202791639
11_bank_churn,MLP,8,0.6297410227244195
11_bank_churn,MLP,9,0.5650371556089794
11_bank_churn,RandomForest,0,0.49817041268999224
11_bank_churn,RandomForest,1,0.6136074518188762
11_bank_churn,RandomForest,2,0.6582848198861151
11_bank_churn,RandomForest,3,0.3981765340941852
11_bank_churn,RandomForest,4,0.5469487717940876
11_bank_churn,RandomForest,5,0.575362781120878
11_bank_churn,RandomForest,6,0.5773546910530655
11_bank_churn,RandomForest,7,0.5809485209683375
11_bank_churn,RandomForest,8,0.6386904307351152
11_bank_churn,RandomForest,9,0.5764679369314457
11_bank_churn,SVM,0,0.4202633001069684
11_bank_churn,SVM,1,0.5095594506552054
11_bank_churn,SVM,2,0.5453200924965925
11_bank_churn,SVM,3,0.2262395555946678
11_bank_churn,SVM,4,0.39962945663295685
11_bank_churn,SVM,5,0.4573714104318954
11_bank_churn,SVM,6,0.47466587549018086
11_bank_churn,SVM,7,0.4121210552632742
11_bank_churn,SVM,8,0.48469240458522694
11_bank_churn,SVM,9,0.43785207330191195
11_bank_churn,TabPFN,0,0.6396897548132829
11_bank_churn,TabPFN,1,0.706922573583232
11_bank_churn,TabPFN,2,0.7342234567714473
11_bank_churn,TabPFN,3,0.47419719080025463
11_bank_churn,TabPFN,4,0.6412012629382954
11_bank_churn,TabPFN,5,0.666299328083857
11_bank_churn,TabPFN,6,0.6975137284329583
11_bank_churn,TabPFN,7,0.6269656478354259
11_bank_churn,TabPFN,8,0.711226499867801
11_bank_churn,TabPFN,9,0.6349860108620944
11_bank_churn,XGBoost,0,0.5006075730776094
11_bank_churn,XGBoost,1,0.5633644530587607
11_bank_churn,XGBoost,2,0.6421034809664039
11_bank_churn,XGBoost,3,0.3177033728338137
11_bank_churn,XGBoost,4,0.47895434040300816
11_bank_churn,XGBoost,5,0.5608569899676543
11_bank_churn,XGBoost,6,0.5599899232912904
11_bank_churn,XGBoost,7,0.5180439435055081
11_bank_churn,XGBoost,8,0.6288942981820145
11_bank_churn,XGBoost,9,0.5924145824800708
1_german_credit,CatBoost,0,0.6176540876741328
1_german_credit,CatBoost,1,0.6837198145483422
1_german_credit,CatBoost,2,0.5002039065644267
1_german_credit,CatBoost,3,0.4323030206103784
1_german_credit,CatBoost,4,0.6708737009894682
1_german_credit,CatBoost,5,0.5956321787160627
1_german_credit,CatBoost,6,0.7057417235064118
1_german_credit,CatBoost,7,0.749785541422551
1_german_credit,CatBoost,8,0.5075445428837836
1_german_credit,CatBoost,9,0.3405450666184202
1_german_credit,KNN,0,0.3139352599607531
1_german_credit,KNN,1,0.44239639554949334
1_german_credit,KNN,2,0.3818361459148014
1_german_credit,KNN,3,0.016639489026810228
1_german_credit,KNN,4,0.0
1_german_credit,KNN,5,0.1662049540337013
1_german_credit,KNN,6,0.6360056784725242
1_german_credit,KNN,7,0.47818199760635705
1_german_credit,KNN,8,0.21300151056959918
1_german_credit,KNN,9,0.00838127316753375
1_german_credit,LightGBM,0,0.632335360312846
1_german_credit,LightGBM,1,0.5185554973628186
1_german_credit,LightGBM,2,0.3919295208539168
1_german_credit,LightGBM,3,0.28916061238292445
1_german_credit,LightGBM,4,0.6268298830733284
1_german_credit,LightGBM,5,0.5479180426402451
1_german_credit,LightGBM,6,0.5295664518418536
1_german_credit,LightGBM,7,0.4836874748458741
1_german_credit,LightGBM,8,0.40844595257246935
1_german_credit,LightGBM,9,0.42863270245069973
1_german_credit,LogReg,0,0.6139837695144545
1_german_credit,LogReg,1,0.720422996145126
1_german_credit,LogReg,2,0.446984293249092
1_german_credit,LogReg,3,0.3827537254547211
1_german_credit,LogReg,4,0.5625993152789579
1_german_credit,LogReg,5,0.3533911801772946
1_german_credit,LogReg,6,0.28181997606356807
1_german_credit,LogReg,7,0.7846535639394956
1_german_credit,LogReg,8,0.4855226339257139
1_german_credit,LogReg,9,0.4708413612870006
1_german_credit,MLP,0,0.5350719290813707
1_german_credit,MLP,1,0.5827860651571887
1_german_credit,MLP,2,0.5974673377959016
1_german_credit,MLP,3,0.39009436177407747
1_german_credit,MLP,4,0.53690708816121
1_german_credit,MLP,5,0.4983687474845873
1_german_credit,MLP,6,0.6121486104346152
1_german_credit,MLP,7,0.7424449051031948
1_german_credit,MLP,8,0.5277312927620142
1_german_credit,MLP,9,0.35522633925713426
1_german_credit,RandomForest,0,0.6525221101910768
1_german_credit,RandomForest,1,0.6626154851301918
1_german_credit,RandomForest,2,0.48827537254547243
1_german_credit,RandomForest,3,0.4864402134656331
1_german_credit,RandomForest,4,0.6369232580124434
1_german_credit,RandomForest,5,0.4827698953059549
1_german_credit,RandomForest,6,0.5359895086212899
1_german_credit,RandomForest,7,0.656192428350755
1_german_credit,RandomForest,8,0.3790834072950433
1_german_credit,RandomForest,9,0.28549029422324584
1_german_credit,SVM,0,0.5607641561991186
1_german_credit,SVM,1,0.619489246753972
1_german_credit,SVM,2,0.4855226339257139
1_german_credit,SVM,3,0.3276989530595467
1_german_credit,SVM,4,0.53690708816121
1_german_credit,SVM,5,0.4745116794466788
1_german_credit,SVM,6,0.5460828835604058
1_german_credit,SVM,7,0.8360380181749921
1_german_credit,SVM,8,0.502039065644266
1_german_credit,SVM,9,0.3313692712192245
1_german_credit,TabPFN,0,0.5644344743587972
1_german_credit,TabPFN,1,0.7644668140612648
1_german_credit,TabPFN,2,0.584621224237028
1_german_credit,TabPFN,3,0.433220600150298
1_german_credit,TabPFN,4,0.6864725531681007
1_german_credit,TabPFN,5,0.4992863270245074
1_german_credit,TabPFN,6,0.5965497582559823
1_german_credit,TabPFN,7,0.8075930524374849
1_german_credit,TabPFN,8,0.7195054166052054
1_german_credit,TabPFN,9,0.4616655658878049
1_german_credit,XGBoost,0,0.45799524772812666
1_german_credit,XGBoost,1,0.6341705193926849
1_german_credit,XGBoost,2,0.3882592026942386
1_german_credit,XGBoost,3,0.3662372937361689
1_german_credit,XGBoost,4,0.6763791782289853
1_german_credit,XGBoost,5,0.5515883607999229
1_german_credit,XGBoost,6,0.4708413612870006
1_german_credit,XGBoost,7,0.4323030206103784
1_german_credit,XGBoost,8,0.2506222717063022
1_german_credit,XGBoost,9,0.37541308913536464
27_loan_prediction_problem,CatBoost,0,0.4935067847510288
27_loan_prediction_problem,CatBoost,1,0.631038417623014
27_loan_prediction_problem,CatBoost,2,0.660359397686694
27_loan_prediction_problem,CatBoost,3,0.5087580604677259
27_loan_prediction_problem,CatBoost,4,0.5623817532766024
27_loan_prediction_problem,CatBoost,5,0.53656728409071
27_loan_prediction_problem,CatBoost,6,0.452083566755062
27_loan_prediction_problem,CatBoost,7,0.5717688329805634
27_loan_prediction_problem,CatBoost,8,0.7548168872078008
27_loan_prediction_problem,CatBoost,9,0.5295269743127392
27_loan_prediction_problem,KNN,0,0.16343086585826483
27_loan_prediction_problem,KNN,1,0.11414869741246998
27_loan_prediction_problem,KNN,2,0.11414869741246998
27_loan_prediction_problem,KNN,3,0.11414869741246998
27_loan_prediction_problem,KNN,4,0.11414869741246998
27_loan_prediction_problem,KNN,5,0.11414869741246998
27_loan_prediction_problem,KNN,6,0.16343086585826483
27_loan_prediction_problem,KNN,7,0.11414869741246998
27_loan_prediction_problem,KNN,8,0.11414869741246998
27_loan_prediction_problem,KNN,9,0.11414869741246998
27_loan_prediction_problem,LightGBM,0,0.49809117251342855
27_loan_prediction_problem,LightGBM,1,0.6837588768906085
27_loan_prediction_problem,LightGBM,2,0.5867881605069007
27_loan_prediction_problem,LightGBM,3,0.5421995319130865
27_loan_prediction_problem,LightGBM,4,0.5295269743127392
27_loan_prediction_problem,LightGBM,5,0.6210510014263579
27_loan_prediction_problem,LightGBM,6,0.5084060449788274
27_loan_prediction_problem,LightGBM,7,0.6069703818704167
27_loan_prediction_problem,LightGBM,8,0.6773734796501233
27_loan_prediction_problem,LightGBM,9,0.43096263742115
27_loan_prediction_problem,LogReg,0,0.6379149992666132
27_loan_prediction_problem,LogReg,1,0.5806101522366195
27_loan_prediction_problem,LogReg,2,0.4686282947332931
27_loan_prediction_problem,LogReg,3,0.4173513718504065
27_loan_prediction_problem,LogReg,4,0.5647285232025926
27_loan_prediction_problem,LogReg,5,0.515446354756798
27_loan_prediction_problem,LogReg,6,0.5694220630545731
27_loan_prediction_problem,LogReg,7,0.4567771066070423
27_loan_prediction_problem,LogReg,8,0.6351316209822994
27_loan_prediction_problem,LogReg,9,0.5788091427585341
27_loan_prediction_problem,MLP,0,0.09695724330347184
27_loan_prediction_problem,MLP,1,0.4316175499586358
27_loan_prediction_problem,MLP,2,0.6715065548351477
27_loan_prediction_problem,MLP,3,0.41735137185040666
27_loan_prediction_problem,MLP,4,0.5013657352008566
27_loan_prediction_problem,MLP,5,0.36055953964144344
27_loan_prediction_problem,MLP,6,0.3722933892713945
27_loan_prediction_problem,MLP,7,0.4145352479392184
27_loan_prediction_problem,MLP,8,0.6914540992060646
27_loan_prediction_problem,MLP,9,0.23383396363797138
27_loan_prediction_problem,RandomForest,0,0.4992372694540284
27_loan_prediction_problem,RandomForest,1,0.5691491828306209
27_loan_prediction_problem,RandomForest,2,0.6302620733858696
27_loan_prediction_problem,RandomForest,3,0.5867881605069007
27_loan_prediction_problem,RandomForest,4,0.5647285232025926
27_loan_prediction_problem,RandomForest,5,0.5130995848308079
27_loan_prediction_problem,RandomForest,6,0.470857726162984
27_loan_prediction_problem,RandomForest,7,0.6398251608342798
27_loan_prediction_problem,RandomForest,8,0.7090548736509913
27_loan_prediction_problem,RandomForest,9,0.5870228374994998
27_loan_prediction_problem,SVM,0,0.4430785193646345
27_loan_prediction_problem,SVM,1,0.5966555094050178
27_loan_prediction_problem,SVM,2,0.6737359862648384
27_loan_prediction_problem,SVM,3,0.41735137185040666
27_loan_prediction_problem,SVM,4,0.4755512660149643
27_loan_prediction_problem,SVM,5,0.5177931246827884
27_loan_prediction_problem,SVM,6,0.5130995848308076
27_loan_prediction_problem,SVM,7,0.5224866645347688
27_loan_prediction_problem,SVM,8,0.7008411789100254
27_loan_prediction_problem,SVM,9,0.5788091427585341
27_loan_prediction_problem,TabPFN,0,0.5622726011870215
27_loan_prediction_problem,TabPFN,1,0.6791744891282088
27_loan_prediction_problem,TabPFN,2,0.5689527090693751
27_loan_prediction_problem,TabPFN,3,0.5700674247842205
27_loan_prediction_problem,TabPFN,4,0.6022768420184362
27_loan_prediction_problem,TabPFN,5,0.5647285232025926
27_loan_prediction_problem,TabPFN,6,0.5694220630545731
27_loan_prediction_problem,TabPFN,7,0.5295269743127392
27_loan_prediction_problem,TabPFN,8,0.734869342836884
27_loan_prediction_problem,TabPFN,9,0.5928897623144755
27_loan_prediction_problem,XGBoost,0,0.4614160704142323
27_loan_prediction_problem,XGBoost,1,0.6127008665734162
27_loan_prediction_problem,XGBoost,2,0.6291473576710241
27_loan_prediction_problem,XGBoost,3,0.5622644147803028
27_loan_prediction_problem,XGBoost,4,0.4732044960889739
27_loan_prediction_problem,XGBoost,5,0.5788091427585341
27_loan_prediction_problem,XGBoost,6,0.5248334344607589
27_loan_prediction_problem,XGBoost,7,0.6210510014263582
27_loan_prediction_problem,XGBoost,8,0.6187042315003678
27_loan_prediction_problem,XGBoost,9,0.4919786554968957
2_bank_marketing,CatBoost,0,0.6657131414726888
2_bank_marketing,CatBoost,1,0.6552502592277566
2_bank_marketing,CatBoost,2,0.5307497686341485
2_bank_marketing,CatBoost,3,0.5966112699296697
2_bank_marketing,CatBoost,4,0.6747940250487634
2_bank_marketing,CatBoost,5,0.6498700568037665
2_bank_marketing,CatBoost,6,0.6536687331459278
2_bank_marketing,CatBoost,7,0.5893238073501355
2_bank_marketing,CatBoost,8,0.6956092209236674
2_bank_marketing,CatBoost,9,0.5869593251371573
2_bank_marketing,KNN,0,0.15158740907155085
2_bank_marketing,KNN,1,0.22178241756553274
2_bank_marketing,KNN,2,0.0
2_bank_marketing,KNN,3,0.1452433106954265
2_bank_marketing,KNN,4,0.18174134063763017
2_bank_marketing,KNN,5,0.042760177119068286
2_bank_marketing,KNN,6,0.05845878853310108
2_bank_marketing,KNN,7,0.12229980828350584
2_bank_marketing,KNN,8,0.3042486526723303
2_bank_marketing,KNN,9,0.060532555719894056
2_bank_marketing,LightGBM,0,0.6176151156303162
2_bank_marketing,LightGBM,1,0.6199185113484166
2_bank_marketing,LightGBM,2,0.5353175194649581
2_bank_marketing,LightGBM,3,0.598797543831596
2_bank_marketing,LightGBM,4,0.6530097790865736
2_bank_marketing,LightGBM,5,0.6463427144860454
2_bank_marketing,LightGBM,6,0.6327760132640409
2_bank_marketing,LightGBM,7,0.5819590266867615
2_bank_marketing,LightGBM,8,0.6605683697674044
2_bank_marketing,LightGBM,9,0.5405999689613935
2_bank_marketing,LogReg,0,0.47769358590705124
2_bank_marketing,LogReg,1,0.4467734264369545
2_bank_marketing,LogReg,2,0.3541691104482312
2_bank_marketing,LogReg,3,0.3911796043594071
2_bank_marketing,LogReg,4,0.4874185001711364
2_bank_marketing,LogReg,5,0.4328028372516958
2_bank_marketing,LogReg,6,0.5458716014362299
2_bank_marketing,LogReg,7,0.39345940370788224
2_bank_marketing,LogReg,8,0.47858076337508776
2_bank_marketing,LogReg,9,0.42094166418331486
2_bank_marketing,MLP,0,0.5095897605119356
2_bank_marketing,MLP,1,0.5077548520585337
2_bank_marketing,MLP,2,0.3908672795162751
2_bank_marketing,MLP,3,0.43498316360871087
2_bank_marketing,MLP,4,0.5234671634181763
2_bank_marketing,MLP,5,0.45160240894504494
2_bank_marketing,MLP,6,0.4960236649462358
2_bank_marketing,MLP,7,0.437880659709074
2_bank_marketing,MLP,8,0.5297466079837897
2_bank_marketing,MLP,9,0.4298956869898371
2_bank_marketing,RandomForest,0,0.6393802531360974
2_bank_marketing,RandomForest,1,0.5853480552742113
2_bank_marketing,RandomForest,2,0.42528157316891385
2_bank_marketing,RandomForest,3,0.5893301970241485
2_bank_marketing,RandomForest,4,0.5535852401310263
2_bank_marketing,RandomForest,5,0.6221939863108775
2_bank_marketing,RandomForest,6,0.5604654957507574
2_bank_marketing,RandomForest,7,0.540057300912513
2_bank_marketing,RandomForest,8,0.6227754163632487
2_bank_marketing,RandomForest,9,0.48528658997910673
2_bank_marketing,SVM,0,0.4554014002284839
2_bank_marketing,SVM,1,0.4087673970882945
2_bank_marketing,SVM,2,0.3045094603901973
2_bank_marketing,SVM,3,0.4019548114474712
2_bank_marketing,SVM,4,0.3812493726080785
2_bank_marketing,SVM,5,0.43443084139833604
2_bank_marketing,SVM,6,0.4670684483381293
2_bank_marketing,SVM,7,0.4148560296351584
2_bank_marketing,SVM,8,0.5363361485773351
2_bank_marketing,SVM,9,0.3812106106045869
2_bank_marketing,TabPFN,0,0.6840817463094057
2_bank_marketing,TabPFN,1,0.6563238758760241
2_bank_marketing,TabPFN,2,0.5634657959522552
2_bank_marketing,TabPFN,3,0.6530054244177435
2_bank_marketing,TabPFN,4,0.6871784851642783
2_bank_marketing,TabPFN,5,0.7040205756813099
2_bank_marketing,TabPFN,6,0.7052997217965272
2_bank_marketing,TabPFN,7,0.6483583386676006
2_bank_marketing,TabPFN,8,0.709466637171857
2_bank_marketing,TabPFN,9,0.6353730674979675
2_bank_marketing,XGBoost,0,0.6316306929658771
2_bank_marketing,XGBoost,1,0.5352003976487837
2_bank_marketing,XGBoost,2,0.5108390598844649
2_bank_marketing,XGBoost,3,0.5777156169201666
2_bank_marketing,XGBoost,4,0.6408385099902606
2_bank_marketing,XGBoost,5,0.6111080533123256
2_bank_marketing,XGBoost,6,0.6044022267083058
2_bank_marketing,XGBoost,7,0.5378866287169926
2_bank_marketing,XGBoost,8,0.6206822681747116
2_bank_marketing,XGBoost,9,0.5050552117597426
3_credit_approval,CatBoost,0,0.53539306264473
3_credit_approval,CatBoost,1,0.6069825506002209
3_credit_approval,CatBoost,2,0.6514174051932843
3_credit_approval,CatBoost,3,0.32803040787710114
3_credit_approval,CatBoost,4,0.7230068931487755
3_credit_approval,CatBoost,5,0.4341803382938632
3_credit_approval,CatBoost,6,0.6440115960944403
3_credit_approval,CatBoost,7,0.3600927084657138
3_credit_approval,CatBoost,8,0.52910550962064
3_credit_approval,CatBoost,9,0.7279440992146712
3_credit_approval,KNN,0,0.28729845783345936
3_credit_approval,KNN,1,0.18361713044964514
3_credit_approval,KNN,2,0.4230716246455974
3_credit_approval,KNN,3,0.1132619440106275
3_credit_approval,KNN,4,0.4576320671068692
3_credit_approval,KNN,5,0.04167245605513633
3_credit_approval,KNN,6,0.3786367700525339
3_credit_approval,KNN,7,0.16622508361153362
3_credit_approval,KNN,8,0.21096376627019042
3_credit_approval,KNN,9,0.6421949574522453
3_credit_approval,LightGBM,0,0.4934268110846143
3_credit_approval,LightGBM,1,0.6143883596990647
3_credit_approval,LightGBM,2,0.6119197566661169
3_credit_approval,LightGBM,3,0.2860641563169852
3_credit_approval,LightGBM,4,0.7081952749510873
3_credit_approval,LightGBM,5,0.43664894132681137
3_credit_approval,LightGBM,6,0.5897023293695851
3_credit_approval,LightGBM,7,0.25570244892884725
3_credit_approval,LightGBM,8,0.5166780977710134
3_credit_approval,LightGBM,9,0.7180021697349698
3_credit_approval,LogReg,0,0.53539306264473
3_credit_approval,LogReg,1,0.4909582080516665
3_credit_approval,LogReg,2,0.5995767415013771
3_credit_approval,LogReg,3,0.23669209565802604
3_credit_approval,LogReg,4,0.6612918173250762
3_credit_approval,LogReg,5,0.3230932018112048
3_credit_approval,LogReg,6,0.6045139475672726
3_credit_approval,LogReg,7,0.33523788476645966
3_credit_approval,LogReg,8,0.47691037985220724
3_credit_approval,LogReg,9,0.7080602402552681
3_credit_approval,MLP,0,0.4662721777221866
3_credit_approval,MLP,1,0.5057698262493541
3_credit_approval,MLP,2,0.6168569627320125
3_credit_approval,MLP,3,0.2144746683614943
3_credit_approval,MLP,4,0.7032580688851916
3_credit_approval,MLP,5,0.36259085033837235
3_credit_approval,MLP,6,0.6217941687979088
3_credit_approval,MLP,7,0.4619974856326547
3_credit_approval,MLP,8,0.4918232740717596
3_credit_approval,MLP,9,0.713031204995119
3_credit_approval,RandomForest,0,0.5761250126883714
3_credit_approval,RandomForest,1,0.5230500474799902
3_credit_approval,RandomForest,2,0.5859994248201633
3_credit_approval,RandomForest,3,0.3181559957453089
3_credit_approval,RandomForest,4,0.7044923704016651
3_credit_approval,RandomForest,5,0.451460559524499
3_credit_approval,RandomForest,6,0.5847651233036891
3_credit_approval,RandomForest,7,0.3451798142461615
3_credit_approval,RandomForest,8,0.5378046979153791
3_credit_approval,RandomForest,9,0.7279440992146712
3_credit_approval,SVM,0,0.5230500474799898
3_credit_approval,SVM,1,0.4539291625574468
3_credit_approval,SVM,2,0.5897023293695851
3_credit_approval,SVM,3,0.2317548895921304
3_credit_approval,SVM,4,0.676103435522764
3_credit_approval,SVM,5,0.36012224730542447
3_credit_approval,SVM,6,0.5995767415013771
3_credit_approval,SVM,7,0.4371426619334009
3_credit_approval,SVM,8,0.4818813445920577
3_credit_approval,SVM,9,0.7279440992146712
3_credit_approval,TabPFN,0,0.6045139475672726
3_credit_approval,TabPFN,1,0.572422108138949
3_credit_approval,TabPFN,2,0.6538860082262322
3_credit_approval,TabPFN,3,0.3082815836135166
3_credit_approval,TabPFN,4,0.7131324810169836
3_credit_approval,TabPFN,5,0.41443151403027967
3_credit_approval,TabPFN,6,0.6464801991273884
3_credit_approval,TabPFN,7,0.3849475321649676
3_credit_approval,TabPFN,8,0.534076474360491
3_credit_approval,TabPFN,9,0.7279440992146712
3_credit_approval,XGBoost,0,0.4440547504256552
3_credit_approval,XGBoost,1,0.6267313748638045
3_credit_approval,XGBoost,2,0.6168569627320127
3_credit_approval,XGBoost,3,0.2737211411522454
3_credit_approval,XGBoost,4,0.7131324810169831
3_credit_approval,XGBoost,5,0.4588663686233428
3_credit_approval,XGBoost,6,0.5748907111718972
3_credit_approval,XGBoost,7,0.2358185899694442
3_credit_approval,XGBoost,8,0.5440184038401922
3_credit_approval,XGBoost,9,0.7105457226251936
4_australian_credit,CatBoost,0,0.7048782703643081
4_australian_credit,CatBoost,1,0.5337837423235704
4_australian_credit,CatBoost,2,0.6788421465320219
4_australian_credit,CatBoost,3,0.28439771215508985
4_australian_credit,CatBoost,4,0.38044657062927617
4_australian_credit,CatBoost,5,0.6759815197806214
4_australian_credit,CatBoost,6,0.29178608588387356
4_australian_credit,CatBoost,7,0.598403595628393
4_australian_credit,CatBoost,8,0.5873210350352182
4_australian_credit,CatBoost,9,0.6685931460518377
4_australian_credit,KNN,0,0.5616795892867341
4_australian_credit,KNN,1,0.39430450750775176
4_australian_credit,KNN,2,0.6025934981660408
4_australian_credit,KNN,3,0.1273947704184383
4_australian_credit,KNN,4,0.29732736618046146
4_australian_credit,KNN,5,0.5817797547386299
4_australian_credit,KNN,6,0.03873428567303513
4_australian_credit,KNN,7,0.4820367094000509
4_australian_credit,KNN,8,0.3490459822819467
4_australian_credit,KNN,9,0.5725442875776509
4_australian_credit,LightGBM,0,0.6788421465320225
4_australian_credit,LightGBM,1,0.5300642960618153
4_australian_credit,LightGBM,2,0.6304893451292044
4_australian_credit,LightGBM,3,0.25853840410434775
4_australian_credit,LightGBM,4,0.38783494435806043
4_australian_credit,LightGBM,5,0.6057919693571772
4_australian_credit,LightGBM,6,0.25853840410434725
4_australian_credit,LightGBM,7,0.5023547371542066
4_australian_credit,LightGBM,8,0.5466849795269088
4_australian_credit,LightGBM,9,0.6353454642723119
4_australian_credit,LogReg,0,0.6602449152232461
4_australian_credit,LogReg,1,0.5858559899881426
4_australian_credit,LogReg,2,0.7011588241025528
4_australian_credit,LogReg,3,0.25115003037556355
4_australian_credit,LogReg,4,0.38783494435806043
4_australian_credit,LogReg,5,0.6353454642723109
4_australian_credit,LogReg,6,0.2733151515619146
4_australian_credit,LogReg,7,0.5134372977473819
4_australian_credit,LogReg,8,0.3693640100361015
4_australian_credit,LogReg,9,0.6944524541025804
4_australian_credit,MLP,0,0.6788421465320225
4_australian_credit,MLP,1,0.585855989988143
4_australian_credit,MLP,2,0.6676838077467564
4_australian_credit,MLP,3,0.25853840410434725
4_australian_credit,MLP,4,0.3582814494429261
4_australian_credit,MLP,5,0.6242629036791362
4_australian_credit,MLP,6,0.2733151515619146
4_australian_credit,MLP,7,0.5429907926625166
4_australian_credit,MLP,8,0.4838838028322472
4_australian_credit,MLP,9,0.6722873329162292
4_australian_credit,RandomForest,0,0.6900004853172873
4_australian_credit,RandomForest,1,0.5170462341456722
4_australian_credit,RandomForest,2,0.6100323906895511
4_australian_credit,RandomForest,3,0.27885643185850245
4_australian_credit,RandomForest,4,0.4173884392731951
4_australian_credit,RandomForest,5,0.6630518657552499
4_australian_credit,RandomForest,6,0.25299712380775985
4_australian_credit,RandomForest,7,0.5947094087640014
4_australian_credit,RandomForest,8,0.5614617269844752
4_australian_credit,RandomForest,9,0.6353454642723109
4_australian_credit,SVM,0,0.6379282376527152
4_australian_credit,SVM,1,0.5672587586793668
4_australian_credit,SVM,2,0.5040281722295292
4_australian_credit,SVM,3,0.1329360507150262
4_australian_credit,SVM,4,0.34719888884975036
4_australian_credit,SVM,5,0.6279570905435278
4_australian_credit,SVM,6,0.23267909605360462
4_australian_credit,SVM,7,0.4617186816458967
4_australian_credit,SVM,8,0.32503376766339986
4_australian_credit,SVM,9,0.6168745299503525
4_australian_credit,TabPFN,0,0.7178963322804516
4_australian_credit,TabPFN,1,0.5784170974646322
4_australian_credit,TabPFN,2,0.682561592793777
4_australian_credit,TabPFN,3,0.23452618948580042
4_australian_credit,TabPFN,4,0.44694193418832934
4_australian_credit,TabPFN,5,0.7092292015601472
4_australian_credit,TabPFN,6,0.32872795452779147
4_australian_credit,TabPFN,7,0.5984035956283935
4_australian_credit,TabPFN,8,0.5540733532556914
4_australian_credit,TabPFN,9,0.6722873329162292
4_australian_credit,XGBoost,0,0.6900004853172877
4_australian_credit,XGBoost,1,0.5449420811088359
4_australian_credit,XGBoost,2,0.6118921138204286
4_australian_credit,XGBoost,3,0.26223259096873935
4_australian_credit,XGBoost,4,0.38414075749366833
4_australian_credit,XGBoost,5,0.6427338380010951
4_australian_credit,XGBoost,6,0.26962096469752256
4_australian_credit,XGBoost,7,0.5245198583405571
4_australian_credit,XGBoost,8,0.554073353255692
4_australian_credit,XGBoost,9,0.6538163985942708
5_default_credit_card,CatBoost,0,0.7298638567455905
5_default_credit_card,CatBoost,1,0.4627595390876817
5_default_credit_card,CatBoost,2,0.7929660008107016
5_default_credit_card,CatBoost,3,0.7041068046188467
5_default_credit_card,CatBoost,4,0.6766115465203598
5_default_credit_card,CatBoost,5,0.5608628306747163
5_default_credit_card,CatBoost,6,0.6197774785351724
5_default_credit_card,CatBoost,7,0.5202256819716843
5_default_credit_card,CatBoost,8,0.6532461954693257
5_default_credit_card,CatBoost,9,0.6426412908905428
5_default_credit_card,KNN,0,0.1907698091910083
5_default_credit_card,KNN,1,0.08749140436991835
5_default_credit_card,KNN,2,0.06989865301954534
5_default_credit_card,KNN,3,0.3504213940502315
5_default_credit_card,KNN,4,0.3753225114181622
5_default_credit_card,KNN,5,0.318593789249445
5_default_credit_card,KNN,6,0.15863933516787165
5_default_credit_card,KNN,7,0.23891284731747844
5_default_credit_card,KNN,8,0.3231291658089935
5_default_credit_card,KNN,9,0.22742252696185825
5_default_credit_card,LightGBM,0,0.7304169222820548
5_default_credit_card,LightGBM,1,0.4912160777614503
5_default_credit_card,LightGBM,2,0.7296136604314757
5_default_credit_card,LightGBM,3,0.6775859953227005
5_default_credit_card,LightGBM,4,0.7300482119244124
5_default_credit_card,LightGBM,5,0.5398990131973259
5_default_credit_card,LightGBM,6,0.5781395445756817
5_default_credit_card,LightGBM,7,0.5369098256550099
5_default_credit_card,LightGBM,8,0.6138190502284046
5_default_credit_card,LightGBM,9,0.5532608451213445
5_default_credit_card,LogReg,0,0.5344473671950395
5_default_credit_card,LogReg,1,0.24801209221501408
5_default_credit_card,LogReg,2,0.5013687808236794
5_default_credit_card,LogReg,3,0.48809520794854816
5_default_credit_card,LogReg,4,0.45928312714419456
5_default_credit_card,LogReg,5,0.4367391224197646
5_default_credit_card,LogReg,6,0.3477482439573236
5_default_credit_card,LogReg,7,0.39931502111904504
5_default_credit_card,LogReg,8,0.38368737091605354
5_default_credit_card,LogReg,9,0.24658485454233245
5_default_credit_card,MLP,0,0.5936780525049036
5_default_credit_card,MLP,1,0.3423229344091545
5_default_credit_card,MLP,2,0.634683911565578
5_default_credit_card,MLP,3,0.6342625282997006
5_default_credit_card,MLP,4,0.6449814651254527
5_default_credit_card,MLP,5,0.42523009197049283
5_default_credit_card,MLP,6,0.5324721331362405
5_default_credit_card,MLP,7,0.4172764828270615
5_default_credit_card,MLP,8,0.5517646085842393
5_default_credit_card,MLP,9,0.5054075256977776
5_default_credit_card,RandomForest,0,0.6119160469811512
5_default_credit_card,RandomForest,1,0.41956775433526844
5_default_credit_card,RandomForest,2,0.6378179496055401
5_default_credit_card,RandomForest,3,0.6424004926219551
5_default_credit_card,RandomForest,4,0.6926899517589872
5_default_credit_card,RandomForest,5,0.5173550084728955
5_default_credit_card,RandomForest,6,0.5178027281928902
5_default_credit_card,RandomForest,7,0.454029004547788
5_default_credit_card,RandomForest,8,0.5671207204124274
5_default_credit_card,RandomForest,9,0.47546967007376234
5_default_credit_card,SVM,0,0.2998685703720267
5_default_credit_card,SVM,1,0.2656048435653871
5_default_credit_card,SVM,2,0.5365806199785433
5_default_credit_card,SVM,3,0.40055283446256
5_default_credit_card,SVM,4,0.4965755461743266
5_default_credit_card,SVM,5,0.2293658826999481
5_default_credit_card,SVM,6,0.4008425354578502
5_default_credit_card,SVM,7,0.2970374015544142
5_default_credit_card,SVM,8,0.32706663038032346
5_default_credit_card,SVM,9,0.17581549131362303
5_default_credit_card,TabPFN,0,0.6831956600496912
5_default_credit_card,TabPFN,1,0.5000914627989895
5_default_credit_card,TabPFN,2,0.8119019113210578
5_default_credit_card,TabPFN,3,0.7284416882232551
5_default_credit_card,TabPFN,4,0.6894769043566732
5_default_credit_card,TabPFN,5,0.6018818579624502
5_default_credit_card,TabPFN,6,0.6189873849116531
5_default_credit_card,TabPFN,7,0.5701595989781324
5_default_credit_card,TabPFN,8,0.6580105276006349
5_default_credit_card,TabPFN,9,0.6875021372398985
5_default_credit_card,XGBoost,0,0.5981420814777904
5_default_credit_card,XGBoost,1,0.3125627412565776
5_default_credit_card,XGBoost,2,0.6293376113797612
5_default_credit_card,XGBoost,3,0.6433749414242953
5_default_credit_card,XGBoost,4,0.6052134194082918
5_default_credit_card,XGBoost,5,0.4642080440641346
5_default_credit_card,XGBoost,6,0.4664729791182241
5_default_credit_card,XGBoost,7,0.4478399378302171
5_default_credit_card,XGBoost,8,0.5410284551864118
5_default_credit_card,XGBoost,9,0.5647582416696292
6_loan_modelling,CatBoost,0,0.6023780034760153
6_loan_modelling,CatBoost,1,0.600946321274448
6_loan_modelling,CatBoost,2,0.5926425645053631
6_loan_modelling,CatBoost,3,0.6061003772000878
6_loan_modelling,CatBoost,4,0.5995146390728823
6_loan_modelling,CatBoost,5,0.5897792001022307
6_loan_modelling,CatBoost,6,0.5955059289084962
6_loan_modelling,CatBoost,7,0.6009463212744488
6_loan_modelling,CatBoost,8,0.590924545863483
6_loan_modelling,CatBoost,9,0.5763213874075062
6_loan_modelling,KNN,0,0.08410904650896356
6_loan_modelling,KNN,1,0.08396587828880782
6_loan_modelling,KNN,2,0.0
6_loan_modelling,KNN,3,0.3695864775013118
6_loan_modelling,KNN,4,0.46150047484187673
6_loan_modelling,KNN,5,0.14953692312055003
6_loan_modelling,KNN,6,0.0
6_loan_modelling,KNN,7,0.3239158152713426
6_loan_modelling,KNN,8,0.0
6_loan_modelling,KNN,9,0.0
6_loan_modelling,LightGBM,0,0.6046686949985213
6_loan_modelling,LightGBM,1,0.5935015738263032
6_loan_modelling,LightGBM,2,0.5886338543409771
6_loan_modelling,LightGBM,3,0.6058140407597755
6_loan_modelling,LightGBM,4,0.5963649382294356
6_loan_modelling,LightGBM,5,0.5783257424896991
6_loan_modelling,LightGBM,6,0.5897792001022294
6_loan_modelling,LightGBM,7,0.5998009755131951
6_loan_modelling,LightGBM,8,0.5963649382294356
6_loan_modelling,LightGBM,9,0.5628635747127809
6_loan_modelling,LogReg,0,0.3990791308535812
6_loan_modelling,LogReg,1,0.3738815241060114
6_loan_modelling,LogReg,2,0.28110851744450577
6_loan_modelling,LogReg,3,0.4944291654779056
6_loan_modelling,LogReg,4,0.4683725494093958
6_loan_modelling,LogReg,5,0.18375412773798835
6_loan_modelling,LogReg,6,0.31203285299834166
6_loan_modelling,LogReg,7,0.3738815241060114
6_loan_modelling,LogReg,8,0.3166142360433542
6_loan_modelling,LogReg,9,0.21582380905307583
6_loan_modelling,MLP,0,0.5413883416892843
6_loan_modelling,MLP,1,0.5585685281080827
6_loan_modelling,MLP,2,0.5121820247773291
6_loan_modelling,MLP,3,0.6043823585582083
6_loan_modelling,MLP,4,0.5743170323253125
6_loan_modelling,MLP,5,0.5327982484798864
6_loan_modelling,MLP,6,0.5511237806599357
6_loan_modelling,MLP,7,0.558568528108082
6_loan_modelling,MLP,8,0.5640089204740345
6_loan_modelling,MLP,9,0.46350482992407044
6_loan_modelling,RandomForest,0,0.6040960221178947
6_loan_modelling,RandomForest,1,0.5836229666354946
6_loan_modelling,RandomForest,2,0.5857704899378441
6_loan_modelling,RandomForest,3,0.6061003772000878
6_loan_modelling,RandomForest,4,0.5809027704525179
6_loan_modelling,RandomForest,5,0.5777530696090727
6_loan_modelling,RandomForest,6,0.566585948436854
6_loan_modelling,RandomForest,7,0.5996578072930386
6_loan_modelling,RandomForest,8,0.586629499258784
6_loan_modelling,RandomForest,9,0.5499784348986835
6_loan_modelling,SVM,0,0.548546752697117
6_loan_modelling,SVM,1,0.5551324908243224
6_loan_modelling,SVM,2,0.5033055951276177
6_loan_modelling,SVM,3,0.6000873119535087
6_loan_modelling,SVM,4,0.5754623780865661
6_loan_modelling,SVM,5,0.4612141384015645
6_loan_modelling,SVM,6,0.5173360807029689
6_loan_modelling,SVM,7,0.5339435942411394
6_loan_modelling,SVM,8,0.5511237806599364
6_loan_modelling,SVM,9,0.31317819875959396
6_loan_modelling,TabPFN,0,0.6055277043194606
6_loan_modelling,TabPFN,1,0.598941966192255
6_loan_modelling,TabPFN,2,0.6000873119535081
6_loan_modelling,TabPFN,3,0.6061003772000878
6_loan_modelling,TabPFN,4,0.6055277043194612
6_loan_modelling,TabPFN,5,0.5894928636619164
6_loan_modelling,TabPFN,6,0.5977966204310021
6_loan_modelling,TabPFN,7,0.6032370127969547
6_loan_modelling,TabPFN,8,0.6058140407597742
6_loan_modelling,TabPFN,9,0.5837661348556518
6_loan_modelling,XGBoost,0,0.6043823585582077
6_loan_modelling,XGBoost,1,0.590924545863483
6_loan_modelling,XGBoost,2,0.583766134855651
6_loan_modelling,XGBoost,3,0.6049550314388348
6_loan_modelling,XGBoost,4,0.5983692933116286
6_loan_modelling,XGBoost,5,0.5740306958849996
6_loan_modelling,XGBoost,6,0.5863431628184705
6_loan_modelling,XGBoost,7,0.5986556297519415
6_loan_modelling,XGBoost,8,0.5880611814603506
6_loan_modelling,XGBoost,9,0.5365206222039596
7_credit_risk,CatBoost,0,0.7396637916162042
7_credit_risk,CatBoost,1,0.5565967056426109
7_credit_risk,CatBoost,2,0.5471088602809114
7_credit_risk,CatBoost,3,0.6284550518806822
7_credit_risk,CatBoost,4,0.6649819846940878
7_credit_risk,CatBoost,5,0.5615568392767434
7_credit_risk,CatBoost,6,0.7094705679048454
7_credit_risk,CatBoost,7,0.5960997186364957
7_credit_risk,CatBoost,8,0.6673730234715675
7_credit_risk,CatBoost,9,0.621800157983855
7_credit_risk,KNN,0,0.43513702306321456
7_credit_risk,KNN,1,0.09134888905236134
7_credit_risk,KNN,2,0.22495453988969716
7_credit_risk,KNN,3,0.38118603107349786
7_credit_risk,KNN,4,0.37424184398571264
7_credit_risk,KNN,5,0.23283988053882984
7_credit_risk,KNN,6,0.3482202198435714
7_credit_risk,KNN,7,0.21312652891599693
7_credit_risk,KNN,8,0.35087834273981233
7_credit_risk,KNN,9,0.1408623554434961
7_credit_risk,LightGBM,0,0.7470658371932949
7_credit_risk,LightGBM,1,0.6025987655263467
7_credit_risk,LightGBM,2,0.574198820898096
7_credit_risk,LightGBM,3,0.6783870637976154
7_credit_risk,LightGBM,4,0.6886125700587501
7_credit_risk,LightGBM,5,0.5825420200365337
7_credit_risk,LightGBM,6,0.6931911549517947
7_credit_risk,LightGBM,7,0.6093521782435878
7_credit_risk,LightGBM,8,0.69097817225349
7_credit_risk,LightGBM,9,0.667565122719357
7_credit_risk,LogReg,0,0.44635455605117585
7_credit_risk,LogReg,1,0.13160228123705128
7_credit_risk,LogReg,2,0.24746591561383577
7_credit_risk,LogReg,3,0.21602629934825865
7_credit_risk,LogReg,4,0.36320236707692577
7_credit_risk,LogReg,5,0.24367586478570466
7_credit_risk,LogReg,6,0.3417593278278306
7_credit_risk,LogReg,7,0.14437144577209984
7_credit_risk,LogReg,8,0.30251068066133585
7_credit_risk,LogReg,9,0.3336710392834495
7_credit_risk,MLP,0,0.6015940205081496
7_credit_risk,MLP,1,0.4148640666201197
7_credit_risk,MLP,2,0.4201294392471216
7_credit_risk,MLP,3,0.4391560031359991
7_credit_risk,MLP,4,0.5299391669319918
7_credit_risk,MLP,5,0.4562239501539627
7_credit_risk,MLP,6,0.5781160546399241
7_credit_risk,MLP,7,0.46278658850066007
7_credit_risk,MLP,8,0.4912755611684975
7_credit_risk,MLP,9,0.5011632038500528
7_credit_risk,RandomForest,0,0.6831818596439435
7_credit_risk,RandomForest,1,0.47471634580531724
7_credit_risk,RandomForest,2,0.48110092807284205
7_credit_risk,RandomForest,3,0.5511914318105432
7_credit_risk,RandomForest,4,0.6654016883092839
7_credit_risk,RandomForest,5,0.4753649786651659
7_credit_risk,RandomForest,6,0.6375486302099249
7_credit_risk,RandomForest,7,0.5250171881719675
7_credit_risk,RandomForest,8,0.6002967547884542
7_credit_risk,RandomForest,9,0.557424952740954
7_credit_risk,SVM,0,0.48573038613136554
7_credit_risk,SVM,1,0.2278797469046979
7_credit_risk,SVM,2,0.27921077087228335
7_credit_risk,SVM,3,0.328710360882651
7_credit_risk,SVM,4,0.36917996402062364
7_credit_risk,SVM,5,0.3688238518622751
7_credit_risk,SVM,6,0.4170388944443162
7_credit_risk,SVM,7,0.3493648660668332
7_credit_risk,SVM,8,0.3669924179050579
7_credit_risk,SVM,9,0.2795010408582987
7_credit_risk,TabPFN,0,0.6989779775249493
7_credit_risk,TabPFN,1,0.5218503336209442
7_credit_risk,TabPFN,2,0.5781669278054016
7_credit_risk,TabPFN,3,0.5980583355074095
7_credit_risk,TabPFN,4,0.6628580300353697
7_credit_risk,TabPFN,5,0.6016703302563671
7_credit_risk,TabPFN,6,0.6734905216203306
7_credit_risk,TabPFN,7,0.5891936864228192
7_credit_risk,TabPFN,8,0.6640535494241091
7_credit_risk,TabPFN,9,0.6304460599089556
7_credit_risk,XGBoost,0,0.6870863750944013
7_credit_risk,XGBoost,1,0.5774038303232272
7_credit_risk,XGBoost,2,0.5724691332718347
7_credit_risk,XGBoost,3,0.6468202646183417
7_credit_risk,XGBoost,4,0.648855191237473
7_credit_risk,XGBoost,5,0.5883415609010579
7_credit_risk,XGBoost,6,0.7458194446390766
7_credit_risk,XGBoost,7,0.5906308533475807
7_credit_risk,XGBoost,8,0.6847970826478785
7_credit_risk,XGBoost,9,0.6290515595984555
8_hmeq,CatBoost,0,0.6124926151033053
8_hmeq,CatBoost,1,0.5638238250387627
8_hmeq,CatBoost,2,0.6227833970956141
8_hmeq,CatBoost,3,0.6178740332093748
8_hmeq,CatBoost,4,0.538191280901957
8_hmeq,CatBoost,5,0.6398717598534847
8_hmeq,CatBoost,6,0.6203759205744778
8_hmeq,CatBoost,7,0.5856799354169232
8_hmeq,CatBoost,8,0.6194318121348162
8_hmeq,CatBoost,9,0.5519223668318763
8_hmeq,KNN,0,0.5419913173715941
8_hmeq,KNN,1,0.4337020793424376
8_hmeq,KNN,2,0.46714712081744053
8_hmeq,KNN,3,0.5148718024423218
8_hmeq,KNN,4,0.4516873451179863
8_hmeq,KNN,5,0.4653297120710924
8_hmeq,KNN,6,0.5317477408012684
8_hmeq,KNN,7,0.4645508226083719
8_hmeq,KNN,8,0.5829892263638882
8_hmeq,KNN,9,0.40063990820349654
8_hmeq,LightGBM,0,0.5994167132139957
8_hmeq,LightGBM,1,0.5513143882132499
8_hmeq,LightGBM,2,0.6161274325960016
8_hmeq,LightGBM,3,0.6022490385329797
8_hmeq,LightGBM,4,0.4943374438796873
8_hmeq,LightGBM,5,0.6336406441517195
8_hmeq,LightGBM,6,0.6047981313200652
8_hmeq,LightGBM,7,0.5804873389987854
8_hmeq,LightGBM,8,0.6191957850249009
8_hmeq,LightGBM,9,0.5426587212258048
8_hmeq,LogReg,0,0.24197725795820887
8_hmeq,LogReg,1,0.05768729053631335
8_hmeq,LogReg,2,0.17272690390904855
8_hmeq,LogReg,3,0.05376924051171864
8_hmeq,LogReg,4,0.0802042768222359
8_hmeq,LogReg,5,0.2924398540581081
8_hmeq,LogReg,6,0.19496065766307338
8_hmeq,LogReg,7,0.0712352466454537
8_hmeq,LogReg,8,0.17725862441942328
8_hmeq,LogReg,9,0.07078286581500226
8_hmeq,MLP,0,0.5360670369127191
8_hmeq,MLP,1,0.446848789364722
8_hmeq,MLP,2,0.461671291867405
8_hmeq,MLP,3,0.49013616132319465
8_hmeq,MLP,4,0.4018620222148584
8_hmeq,MLP,5,0.5692996539887986
8_hmeq,MLP,6,0.5091127409603876
8_hmeq,MLP,7,0.47781554618561395
8_hmeq,MLP,8,0.5309216459165648
8_hmeq,MLP,9,0.4099273067470192
8_hmeq,RandomForest,0,0.6048925421640315
8_hmeq,RandomForest,1,0.5707630220702736
8_hmeq,RandomForest,2,0.6067099509103797
8_hmeq,RandomForest,3,0.6078192783269817
8_hmeq,RandomForest,4,0.5479155978304691
8_hmeq,RandomForest,5,0.6348915878342708
8_hmeq,RandomForest,6,0.6331685899318887
8_hmeq,RandomForest,7,0.5677418750633575
8_hmeq,RandomForest,8,0.6125870259472714
8_hmeq,RandomForest,9,0.5707109403559857
8_hmeq,SVM,0,0.4376909375000065
8_hmeq,SVM,1,0.3043356203978412
8_hmeq,SVM,2,0.4063937427252329
8_hmeq,SVM,3,0.29517776853312566
8_hmeq,SVM,4,0.20846140835023055
8_hmeq,SVM,5,0.43894188118255784
8_hmeq,SVM,6,0.3632951924546921
8_hmeq,SVM,7,0.1862276545962063
8_hmeq,SVM,8,0.44703761105265355
8_hmeq,SVM,9,0.29156641942636896
8_hmeq,TabPFN,0,0.6804212173369394
8_hmeq,TabPFN,1,0.6681950130433251
8_hmeq,TabPFN,2,0.6820025989733723
8_hmeq,TabPFN,3,0.6759839076705311
8_hmeq,TabPFN,4,0.6663540015859853
8_hmeq,TabPFN,5,0.6854721974891277
8_hmeq,TabPFN,6,0.6782261652147269
8_hmeq,TabPFN,7,0.6737416501263355
8_hmeq,TabPFN,8,0.6817429691524654
8_hmeq,TabPFN,9,0.6716846774621628
8_hmeq,XGBoost,0,0.6216976723900037
8_hmeq,XGBoost,1,0.5726040335276132
8_hmeq,XGBoost,2,0.6194790175567991
8_hmeq,XGBoost,3,0.6196678392447317
8_hmeq,XGBoost,4,0.5194979337966622
8_hmeq,XGBoost,5,0.6408158682931457
8_hmeq,XGBoost,6,0.6216976723900035
8_hmeq,XGBoost,7,0.6000775891217586
8_hmeq,XGBoost,8,0.6187709362270531
8_hmeq,XGBoost,9,0.5475043204659044
9_loan_approval,CatBoost,0,0.6144089141734946
9_loan_approval,CatBoost,1,0.6065534465895323
9_loan_approval,CatBoost,2,0.6136487076331103
9_loan_approval,CatBoost,3,0.6212507730369433
9_loan_approval,CatBoost,4,0.6235313926580925
9_loan_approval,CatBoost,5,0.6019922073472338
9_loan_approval,CatBoost,6,0.6265789714889501
9_loan_approval,CatBoost,7,0.6177313809505084
9_loan_approval,CatBoost,8,0.6278429129944415
9_loan_approval,CatBoost,9,0.5739095083812272
9_loan_approval,KNN,0,0.05793772661293565
9_loan_approval,KNN,1,0.2501432802398414
9_loan_approval,KNN,2,0.0
9_loan_approval,KNN,3,0.0943009394612689
9_loan_approval,KNN,4,0.2108659423200382
9_loan_approval,KNN,5,0.17424932729157563
9_loan_approval,KNN,6,0.2912552900820134
9_loan_approval,KNN,7,0.12390943475491782
9_loan_approval,KNN,8,0.19317342925586137
9_loan_approval,KNN,9,0.22467540490235913
9_loan_approval,LightGBM,0,0.6217575773971983
9_loan_approval,LightGBM,1,0.6090874683908107
9_loan_approval,LightGBM,2,0.611621490192088
9_loan_approval,LightGBM,3,0.6207439686766872
9_loan_approval,LightGBM,4,0.6232779904779645
9_loan_approval,LightGBM,5,0.61136808801196
9_loan_approval,LightGBM,6,0.6293596428010314
9_loan_approval,LightGBM,7,0.616973016047214
9_loan_approval,LightGBM,8,0.6268317597900487
9_loan_approval,LightGBM,9,0.5561044193473429
9_loan_approval,LogReg,0,0.3528978642816461
9_loan_approval,LogReg,1,0.28473267782728046
9_loan_approval,LogReg,2,0.1884398493787318
9_loan_approval,LogReg,3,0.1864126319377107
9_loan_approval,LogReg,4,0.31032629802018374
9_loan_approval,LogReg,5,0.30804567839903335
9_loan_approval,LogReg,6,0.36241519684119394
9_loan_approval,LogReg,7,0.30503225249187194
9_loan_approval,LogReg,8,0.3060434056962648
9_loan_approval,LogReg,9,0.23993690978854396
9_loan_approval,MLP,0,0.5604342498062826
9_loan_approval,MLP,1,0.5444699124582323
9_loan_approval,MLP,2,0.48897483501025296
9_loan_approval,MLP,3,0.5617012607069195
9_loan_approval,MLP,4,0.5893220983408463
9_loan_approval,MLP,5,0.5632216737876868
9_loan_approval,MLP,6,0.5795603474846599
9_loan_approval,MLP,7,0.511054717887013
9_loan_approval,MLP,8,0.6000361998736247
9_loan_approval,MLP,9,0.47470972662102345
9_loan_approval,RandomForest,0,0.6183366479654745
9_loan_approval,RandomForest,1,0.5779190002350967
9_loan_approval,RandomForest,2,0.595023647393718
9_loan_approval,RandomForest,3,0.5988246800956357
9_loan_approval,RandomForest,4,0.6211240719468799
9_loan_approval,RandomForest,5,0.5976843702850624
9_loan_approval,RandomForest,6,0.6278429129944403
9_loan_approval,RandomForest,7,0.6187425341549012
9_loan_approval,RandomForest,8,0.6283484895966386
9_loan_approval,RandomForest,9,0.5321947283589871
9_loan_approval,SVM,0,0.46870266060003357
9_loan_approval,SVM,1,0.4410818229661067
9_loan_approval,SVM,2,0.35188425556113617
9_loan_approval,SVM,3,0.38406633243736255
9_loan_approval,SVM,4,0.5120344334018802
9_loan_approval,SVM,5,0.46186080173658356
9_loan_approval,SVM,6,0.51434096580129
9_loan_approval,SVM,7,0.47086137801237765
9_loan_approval,SVM,8,0.4918428070035395
9_loan_approval,SVM,9,0.38873658242884845
9_loan_approval,TabPFN,0,0.6240381970183487
9_loan_approval,TabPFN,1,0.618716751235666
9_loan_approval,TabPFN,2,0.609847674931195
9_loan_approval,TabPFN,3,0.6156759250741326
9_loan_approval,TabPFN,4,0.6280926319003921
9_loan_approval,TabPFN,5,0.6149157185337484
9_loan_approval,TabPFN,6,0.6293596428010314
9_loan_approval,TabPFN,7,0.6255678182845561
9_loan_approval,TabPFN,8,0.6293596428010314
9_loan_approval,TabPFN,9,0.5894253716821802
9_loan_approval,XGBoost,0,0.6182099468754099
9_loan_approval,XGBoost,1,0.6093408705709388
9_loan_approval,XGBoost,2,0.604019424788255
9_loan_approval,XGBoost,3,0.6169429359747719
9_loan_approval,XGBoost,4,0.6222643817574545
9_loan_approval,XGBoost,5,0.6068068487696615
9_loan_approval,XGBoost,6,0.6288540661988343
9_loan_approval,XGBoost,7,0.61596186284282
9_loan_approval,XGBoost,8,0.62809570129554
9_loan_approval,XGBoost,9,0.5886622964378722
