ds,method,normalized
12_real_estate,CatBoost,0.9064016757334145
12_real_estate,ElasticNet,0.0
12_real_estate,KNN,0.5242833633236272
12_real_estate,Lasso,0.1260692027473399
12_real_estate,LightGBM,0.9144668028142224
12_real_estate,Linear,0.22837940068262816
12_real_estate,MLP,0.5712230610399298
12_real_estate,RandomForest,0.932934795705804
12_real_estate,Ridge,0.22906209128266858
12_real_estate,SVR,0.30914639906437574
12_real_estate,TabPFNReg,1.0
12_real_estate,XGBoost,0.4010427930379281
13_boston_housing,CatBoost,0.9975335770303166
13_boston_housing,ElasticNet,0.9800139710300108
13_boston_housing,KNN,0.9964202556013282
13_boston_housing,Lasso,0.9830232581737645
13_boston_housing,LightGBM,0.9960090750256667
13_boston_housing,Linear,0.9830233265113918
13_boston_housing,MLP,0.0
13_boston_housing,RandomForest,0.9969888945667578
13_boston_housing,Ridge,0.9830298417599345
13_boston_housing,SVR,0.9006241147574893
13_boston_housing,TabPFNReg,1.0
13_boston_housing,XGBoost,0.9924548849859444
14_house_prices,CatBoost,0.999300831199371
14_house_prices,ElasticNet,0.9730134391330318
14_house_prices,KNN,0.9961069235249644
14_house_prices,Lasso,0.9999999998981098
14_house_prices,LightGBM,0.9984556949099047
14_house_prices,Linear,1.0
14_house_prices,MLP,0.0
14_house_prices,RandomForest,0.9970156165028387
14_house_prices,Ridge,0.999999998219847
14_house_prices,SVR,0.7645592764500466
14_house_prices,TabPFNReg,0.9999156182956453
14_house_prices,XGBoost,0.9968713672089908
15_ames_housing,CatBoost,0.9904906634135912
15_ames_housing,ElasticNet,0.9005040767587358
15_ames_housing,KNN,0.8555978312632432
15_ames_housing,Lasso,0.9007251381253433
15_ames_housing,LightGBM,0.9697396598497566
15_ames_housing,Linear,0.9006078952264902
15_ames_housing,MLP,0.6143293753877275
15_ames_housing,RandomForest,0.9576314137772332
15_ames_housing,Ridge,0.9015170763796339
15_ames_housing,SVR,0.0
15_ames_housing,TabPFNReg,1.0
15_ames_housing,XGBoost,0.9672023450464413
16_mhm,CatBoost,0.9910374741199971
16_mhm,ElasticNet,0.6274321174668924
16_mhm,KNN,0.6706266377615682
16_mhm,Lasso,0.6668517480855808
16_mhm,LightGBM,0.9832025807262365
16_mhm,Linear,0.6668467890605456
16_mhm,MLP,0.0
16_mhm,RandomForest,0.9565003019363217
16_mhm,Ridge,0.6668602726024464
16_mhm,SVR,0.19759150113405638
16_mhm,TabPFNReg,1.0
16_mhm,XGBoost,0.9668321196677866
17_texas,CatBoost,0.8595433044892435
17_texas,ElasticNet,0.9620245899562375
17_texas,KNN,0.9347508115753609
17_texas,Lasso,0.8681105000559072
17_texas,LightGBM,0.9819483591606659
17_texas,Linear,0.8681074531724722
17_texas,MLP,0.9676605299490623
17_texas,RandomForest,0.9581799381874756
17_texas,Ridge,0.8680859018740269
17_texas,SVR,0.9942344791047125
17_texas,TabPFNReg,1.0
17_texas,XGBoost,0.0
18_california,CatBoost,0.9768285384622777
18_california,ElasticNet,0.6849437939836235
18_california,KNN,0.8556165712694146
18_california,Lasso,0.8020127876634868
18_california,LightGBM,0.9654277467430882
18_california,Linear,0.8020125763927215
18_california,MLP,0.0
18_california,RandomForest,0.9474068778231096
18_california,Ridge,0.8020144285938734
18_california,SVR,0.21705483317428403
18_california,TabPFNReg,1.0
18_california,XGBoost,0.9619621571431227
19_housing_yasser,CatBoost,0.9972044605333892
19_housing_yasser,ElasticNet,0.9926421570394085
19_housing_yasser,KNN,0.9922067116801332
19_housing_yasser,Lasso,0.9980068174442815
19_housing_yasser,LightGBM,0.9950567339583737
19_housing_yasser,Linear,0.9980067826803216
19_housing_yasser,MLP,0.0
19_housing_yasser,RandomForest,0.9934395738202612
19_housing_yasser,Ridge,0.9980724236229143
19_housing_yasser,SVR,0.9158386990039686
19_housing_yasser,TabPFNReg,1.0
19_housing_yasser,XGBoost,0.9882252527068828
20_bangalore,CatBoost,0.8226333283678556
20_bangalore,ElasticNet,0.7276038174131654
20_bangalore,KNN,0.8593190660476409
20_bangalore,Lasso,0.768185511210873
20_bangalore,LightGBM,0.9531664416698172
20_bangalore,Linear,0.7698833759150466
20_bangalore,MLP,0.0
20_bangalore,RandomForest,0.5711984822361529
20_bangalore,Ridge,0.7703407127012034
20_bangalore,SVR,0.4569193271439239
20_bangalore,TabPFNReg,1.0
20_bangalore,XGBoost,0.7053647383261341
21_delhi,CatBoost,0.39889832580022605
21_delhi,ElasticNet,0.9327952603391703
21_delhi,KNN,0.7328310220956242
21_delhi,Lasso,0.9996419657700465
21_delhi,LightGBM,0.9562489034212647
21_delhi,Linear,0.9990952204882022
21_delhi,MLP,0.0
21_delhi,RandomForest,0.5825189412639123
21_delhi,Ridge,1.0
21_delhi,SVR,0.181726509088454
21_delhi,TabPFNReg,0.7797630535840596
21_delhi,XGBoost,0.03592714419369243
23_spp,CatBoost,0.8066557353216613
23_spp,ElasticNet,1.0
23_spp,KNN,0.8577417323443625
23_spp,Lasso,0.9972719035106751
23_spp,LightGBM,0.8674608623538579
23_spp,Linear,0.9943666999198308
23_spp,MLP,0.0
23_spp,RandomForest,0.8086686694897187
23_spp,Ridge,0.9972634756020651
23_spp,SVR,0.9816367601907359
23_spp,TabPFNReg,0.9958177075643714
23_spp,XGBoost,0.8052194161745593
24_mutual_funds,CatBoost,0.9924088760482024
24_mutual_funds,ElasticNet,0.9623440951282684
24_mutual_funds,KNN,0.888273876747445
24_mutual_funds,Lasso,0.9658226987349958
24_mutual_funds,LightGBM,0.9899351459494696
24_mutual_funds,Linear,0.9755231136006345
24_mutual_funds,MLP,0.0
24_mutual_funds,RandomForest,0.9892724718284853
24_mutual_funds,Ridge,0.9756783705451672
24_mutual_funds,SVR,0.8814563007843916
24_mutual_funds,TabPFNReg,1.0
24_mutual_funds,XGBoost,0.9878716350918516
25_tesla,CatBoost,0.9838234076724692
25_tesla,ElasticNet,0.0
25_tesla,KNN,0.8592272394149213
25_tesla,Lasso,0.9761348559360442
25_tesla,LightGBM,0.9894744003729731
25_tesla,Linear,1.0
25_tesla,MLP,0.903213197711288
25_tesla,RandomForest,0.9917739159371569
25_tesla,Ridge,0.9921422831055056
25_tesla,SVR,0.2654566767274234
25_tesla,TabPFNReg,0.999409562414365
25_tesla,XGBoost,0.9828138119682744
26_sandp,CatBoost,0.9910675993435861
26_sandp,ElasticNet,0.9789942058092991
26_sandp,KNN,0.986455923446432
26_sandp,Lasso,0.9997099247655894
26_sandp,LightGBM,0.9763677122141292
26_sandp,Linear,1.0
26_sandp,MLP,0.9998372867180434
26_sandp,RandomForest,0.999565771460653
26_sandp,Ridge,0.9999668620000317
26_sandp,SVR,0.0
26_sandp,TabPFNReg,0.9217691600623257
26_sandp,XGBoost,0.9905461238931668
28_gs,CatBoost,0.9856318923094761
28_gs,ElasticNet,0.04379811814271693
28_gs,KNN,0.9443129441897974
28_gs,Lasso,0.9584188900540522
28_gs,LightGBM,0.989458132281553
28_gs,Linear,0.9926788633948628
28_gs,MLP,1.0
28_gs,RandomForest,0.9925771200865188
28_gs,Ridge,0.9895694185337285
28_gs,SVR,0.0
28_gs,TabPFNReg,0.9833853290907906
28_gs,XGBoost,0.9835579815338483
29_yahoo,CatBoost,0.9999763102786384
29_yahoo,ElasticNet,0.9995480521100235
29_yahoo,KNN,0.9998612051254656
29_yahoo,Lasso,0.9999992674898909
29_yahoo,LightGBM,0.9999632584781146
29_yahoo,Linear,0.9999990273936256
29_yahoo,MLP,0.0
29_yahoo,RandomForest,0.999974589012319
29_yahoo,Ridge,0.9999985728326203
29_yahoo,SVR,0.9808243770506254
29_yahoo,TabPFNReg,1.0
29_yahoo,XGBoost,0.999962225023774
30_netflix,CatBoost,0.9986632549175312
30_netflix,ElasticNet,0.9724588221272616
30_netflix,KNN,0.9945855963079877
30_netflix,Lasso,0.9991059561056473
30_netflix,LightGBM,0.9984867826129423
30_netflix,Linear,1.0
30_netflix,MLP,0.0
30_netflix,RandomForest,0.9989570531759108
30_netflix,Ridge,0.9995991236465253
30_netflix,SVR,0.8807421763601481
30_netflix,TabPFNReg,0.9999596871572232
30_netflix,XGBoost,0.9985497000275151
